state,district,enrol_age_0_5,enrol_age_5_17,enrol_age_18_greater,demo_demo_age_5_17,demo_demo_age_17_,bio_bio_age_5_17,bio_bio_age_17_
100000,100000,0.0,1.0,217.0,0.0,2.0,0.0,0.0
Andaman & Nicobar Islands,Andamans,70.0,5.0,0.0,7.0,743.0,343.0,1672.0
Andaman & Nicobar Islands,Nicobars,1.0,0.0,0.0,0.0,4.0,1.0,1.0
Andaman & Nicobar Islands,South Andaman,38.0,0.0,0.0,6.0,299.0,61.0,306.0
Andaman and Nicobar Islands,Nicobar,64.0,11.0,0.0,58.0,729.0,992.0,819.0
Andaman and Nicobar Islands,North And Middle Andaman,128.0,4.0,0.0,112.0,1897.0,3780.0,2603.0
Andaman and Nicobar Islands,South Andaman,178.0,12.0,0.0,434.0,2957.0,6629.0,3491.0
Andhra Pradesh,Adilabad,1137.0,281.0,1.0,2596.0,26695.0,12208.0,39830.0
Andhra Pradesh,Alluri Sitharama Raju,1105.0,116.0,34.0,1569.0,11302.0,8438.0,10169.0
Andhra Pradesh,Anakapalli,523.0,12.0,8.0,1772.0,11688.0,3542.0,3181.0
Andhra Pradesh,Anantapur,4089.0,326.0,0.0,8956.0,59789.0,35834.0,57731.0
Andhra Pradesh,Ananthapur,1843.0,151.0,0.0,9092.0,20934.0,64082.0,20050.0
Andhra Pradesh,Ananthapuramu,3018.0,159.0,10.0,11812.0,44132.0,90533.0,19069.0
Andhra Pradesh,Annamayya,868.0,48.0,105.0,5789.0,27845.0,5790.0,3922.0
Andhra Pradesh,Bapatla,421.0,55.0,16.0,2008.0,11506.0,3899.0,2083.0
Andhra Pradesh,Chittoor,7493.0,659.0,43.0,28652.0,140927.0,168710.0,82695.0
Andhra Pradesh,Cuddapah,5519.0,413.0,2.0,11074.0,72593.0,115127.0,55669.0
Andhra Pradesh,Dr. B. R. Ambedkar Konaseema,618.0,30.0,17.0,1752.0,12404.0,4352.0,2954.0
Andhra Pradesh,East Godavari,7161.0,507.0,10.0,19090.0,136935.0,204904.0,96946.0
Andhra Pradesh,Eluru,568.0,45.0,16.0,2346.0,15238.0,4288.0,3942.0
Andhra Pradesh,Guntur,8769.0,925.0,35.0,22026.0,155195.0,187665.0,104029.0
Andhra Pradesh,Hyderabad,3831.0,1008.0,1.0,4382.0,31824.0,23363.0,82381.0
Andhra Pradesh,K.V.Rangareddy,55.0,14.0,0.0,48.0,470.0,168.0,605.0
Andhra Pradesh,K.v. Rangareddy,15.0,4.0,0.0,32.0,134.0,216.0,188.0
Andhra Pradesh,Kakinada,858.0,84.0,27.0,3621.0,24648.0,7141.0,4557.0
Andhra Pradesh,Karim Nagar,71.0,11.0,0.0,82.0,1069.0,387.0,1310.0
Andhra Pradesh,Karimnagar,552.0,107.0,0.0,967.0,9364.0,4338.0,12789.0
Andhra Pradesh,Khammam,869.0,264.0,0.0,4648.0,27720.0,15536.0,25422.0
Andhra Pradesh,Krishna,6163.0,540.0,34.0,13459.0,98390.0,146788.0,86459.0
Andhra Pradesh,Kurnool,10923.0,823.0,24.0,29378.0,148267.0,242992.0,107641.0
Andhra Pradesh,Mahabub Nagar,1079.0,432.0,0.0,444.0,12369.0,822.0,13030.0
Andhra Pradesh,Mahabubnagar,7.0,0.0,0.0,13.0,68.0,39.0,81.0
Andhra Pradesh,Mahbubnagar,511.0,211.0,0.0,1254.0,8643.0,3060.0,11679.0
Andhra Pradesh,Medak,1176.0,229.0,1.0,1711.0,11252.0,6281.0,16164.0
Andhra Pradesh,N. T. R,790.0,97.0,46.0,4718.0,33352.0,6788.0,6771.0
Andhra Pradesh,Nalgonda,951.0,216.0,0.0,1623.0,28221.0,5640.0,27013.0
Andhra Pradesh,Nandyal,860.0,39.0,6.0,4798.0,22587.0,6337.0,4303.0
Andhra Pradesh,Nellore,4611.0,754.0,2.0,7111.0,61012.0,99065.0,59412.0
Andhra Pradesh,Nizamabad,453.0,71.0,0.0,728.0,4813.0,3452.0,7527.0
Andhra Pradesh,Palnadu,759.0,76.0,25.0,3955.0,21540.0,6007.0,4046.0
Andhra Pradesh,Parvathipuram Manyam,464.0,36.0,8.0,1511.0,7880.0,5090.0,5540.0
Andhra Pradesh,Prakasam,6405.0,1157.0,61.0,15519.0,104979.0,136533.0,75766.0
Andhra Pradesh,Rangareddi,1478.0,405.0,0.0,3569.0,18676.0,13261.0,41326.0
Andhra Pradesh,Spsr Nellore,1167.0,713.0,303.0,0.0,0.0,0.0,0.0
Andhra Pradesh,Sri Potti Sriramulu Nellore,689.0,622.0,303.0,3045.0,19020.0,6668.0,3467.0
Andhra Pradesh,Sri Sathya Sai,879.0,40.0,19.0,3953.0,18154.0,5704.0,4711.0
Andhra Pradesh,Srikakulam,4157.0,135.0,8.0,24315.0,111384.0,125178.0,67429.0
Andhra Pradesh,Tirupati,802.0,689.0,228.0,4768.0,28462.0,5633.0,4765.0
Andhra Pradesh,Visakhapatanam,186.0,28.0,12.0,0.0,0.0,0.0,0.0
Andhra Pradesh,Visakhapatnam,7688.0,460.0,30.0,19864.0,137329.0,195385.0,115918.0
Andhra Pradesh,Vizianagaram,3695.0,158.0,3.0,11069.0,67818.0,101296.0,58702.0
Andhra Pradesh,Warangal,858.0,201.0,0.0,3605.0,31161.0,13746.0,38012.0
Andhra Pradesh,West Godavari,5568.0,343.0,24.0,14258.0,112548.0,139979.0,80435.0
Andhra Pradesh,Y. S. R,738.0,52.0,33.0,4161.0,24025.0,5183.0,3425.0
Arunachal Pradesh,Anjaw,23.0,11.0,3.0,128.0,632.0,675.0,496.0
Arunachal Pradesh,Changlang,486.0,304.0,13.0,690.0,4969.0,5436.0,2747.0
Arunachal Pradesh,Dibang Valley,7.0,3.0,0.0,28.0,132.0,313.0,158.0
Arunachal Pradesh,East Kameng,88.0,79.0,14.0,292.0,1130.0,2690.0,1607.0
Arunachal Pradesh,East Siang,80.0,86.0,2.0,423.0,2080.0,2242.0,1079.0
Arunachal Pradesh,Kamle,3.0,25.0,2.0,64.0,254.0,57.0,86.0
Arunachal Pradesh,Kra Daadi,18.0,59.0,4.0,145.0,369.0,717.0,523.0
Arunachal Pradesh,Kurung Kumey,19.0,44.0,12.0,106.0,229.0,1299.0,2091.0
Arunachal Pradesh,Leparada,0.0,2.0,1.0,8.0,15.0,34.0,2.0
Arunachal Pradesh,Lohit,102.0,63.0,1.0,212.0,1654.0,1796.0,2095.0
Arunachal Pradesh,Longding,141.0,719.0,37.0,263.0,1222.0,1611.0,988.0
Arunachal Pradesh,Lower Dibang Valley,58.0,49.0,2.0,186.0,971.0,1373.0,875.0
Arunachal Pradesh,Lower Siang,10.0,18.0,3.0,70.0,269.0,359.0,54.0
Arunachal Pradesh,Lower Subansiri,50.0,55.0,0.0,198.0,1323.0,1530.0,1150.0
Arunachal Pradesh,Namsai,95.0,54.0,1.0,221.0,1914.0,3561.0,2442.0
Arunachal Pradesh,Pakke Kessang,2.0,1.0,1.0,14.0,73.0,30.0,44.0
Arunachal Pradesh,Papum Pare,201.0,241.0,5.0,770.0,4152.0,4835.0,4424.0
Arunachal Pradesh,Shi-yomi,8.0,22.0,5.0,43.0,195.0,210.0,319.0
Arunachal Pradesh,Siang,39.0,60.0,4.0,175.0,602.0,880.0,429.0
Arunachal Pradesh,Tawang,104.0,43.0,7.0,209.0,742.0,1866.0,598.0
Arunachal Pradesh,Tirap,59.0,39.0,1.0,96.0,894.0,1371.0,522.0
Arunachal Pradesh,Upper Siang,21.0,21.0,1.0,199.0,1122.0,1235.0,561.0
Arunachal Pradesh,Upper Subansiri,76.0,55.0,12.0,347.0,1202.0,2462.0,1704.0
Arunachal Pradesh,West Kameng,157.0,103.0,18.0,375.0,1484.0,2967.0,3205.0
Arunachal Pradesh,West Siang,110.0,80.0,2.0,521.0,3031.0,3345.0,1301.0
Assam,Bajali,19.0,8.0,2.0,57.0,787.0,6.0,17.0
Assam,Baksa,2120.0,1179.0,400.0,1346.0,15666.0,11602.0,5853.0
Assam,Barpeta,10545.0,3306.0,532.0,4978.0,54164.0,66392.0,29029.0
Assam,Biswanath,789.0,464.0,76.0,844.0,10181.0,6159.0,3389.0
Assam,Bongaigaon,2324.0,626.0,225.0,3318.0,35806.0,24633.0,11975.0
Assam,Cachar,11474.0,4513.0,1527.0,5078.0,52941.0,42167.0,23978.0
Assam,Charaideo,659.0,336.0,194.0,763.0,9150.0,6096.0,2197.0
Assam,Chirang,2013.0,1071.0,264.0,1175.0,12222.0,18078.0,9009.0
Assam,Darrang,4390.0,1914.0,1291.0,3187.0,25132.0,16240.0,10025.0
Assam,Dhemaji,3864.0,1846.0,1191.0,1927.0,20422.0,12494.0,8236.0
Assam,Dhubri,8432.0,3849.0,365.0,7185.0,73614.0,40373.0,19102.0
Assam,Dibrugarh,3895.0,1675.0,1492.0,1874.0,24645.0,14970.0,11765.0
Assam,Dima Hasao,119.0,103.0,28.0,16.0,264.0,11.0,14.0
Assam,Goalpara,6881.0,2220.0,797.0,4325.0,36242.0,17021.0,10603.0
Assam,Golaghat,5537.0,4047.0,1921.0,1998.0,25926.0,12369.0,7785.0
Assam,Hailakandi,3826.0,1441.0,311.0,2253.0,19049.0,14201.0,6922.0
Assam,Hojai,5288.0,1607.0,155.0,2371.0,22937.0,15271.0,13731.0
Assam,Jorhat,2905.0,1122.0,860.0,1266.0,18522.0,10704.0,5575.0
Assam,Kamrup,9311.0,3370.0,985.0,3266.0,41318.0,30056.0,13196.0
Assam,Kamrup Metro,2654.0,2055.0,1337.0,2308.0,23883.0,14584.0,12178.0
Assam,Karbi Anglong,2918.0,4107.0,1082.0,2438.0,28683.0,25507.0,13699.0
Assam,Karimganj,9336.0,4903.0,594.0,4135.0,37279.0,24232.0,11414.0
Assam,Kokrajhar,2519.0,1572.0,518.0,1928.0,20741.0,18300.0,10559.0
Assam,Lakhimpur,4726.0,1825.0,648.0,2993.0,32419.0,17189.0,12583.0
Assam,Majuli,347.0,157.0,11.0,290.0,2991.0,2139.0,1243.0
Assam,Marigaon,6735.0,2928.0,824.0,4499.0,39311.0,19361.0,14575.0
Assam,Nagaon,9002.0,3478.0,393.0,7120.0,90257.0,44214.0,73665.0
Assam,Nalbari,2709.0,977.0,195.0,2083.0,18878.0,14657.0,5594.0
Assam,North Cachar Hills,501.0,420.0,137.0,300.0,3299.0,2782.0,1242.0
Assam,Sibsagar,1561.0,514.0,662.0,1031.0,12039.0,8287.0,3093.0
Assam,Sivasagar,204.0,113.0,105.0,0.0,0.0,0.0,0.0
Assam,Sonitpur,5501.0,2723.0,973.0,3162.0,40414.0,17454.0,12663.0
Assam,South Salmara Mankachar,1062.0,364.0,46.0,1188.0,19859.0,2855.0,1993.0
Assam,Sribhumi,115.0,43.0,11.0,192.0,4895.0,42.0,315.0
Assam,Tamulpur District,22.0,33.0,0.0,54.0,1214.0,17.0,53.0
Assam,Tinsukia,3884.0,2867.0,1633.0,2000.0,33249.0,12082.0,7167.0
Assam,Udalguri,2658.0,1322.0,585.0,1380.0,18400.0,12995.0,9353.0
Assam,West Karbi Anglong,390.0,987.0,507.0,152.0,1299.0,1084.0,2308.0
BALANAGAR,IDPL COLONY,0.0,0.0,0.0,0.0,2.0,0.0,0.0
Bihar,Araria,9939.0,5515.0,125.0,9001.0,146314.0,72533.0,82911.0
Bihar,Arwal,812.0,3020.0,34.0,2232.0,25538.0,12094.0,18610.0
Bihar,Aurangabad,3001.0,7096.0,73.0,10545.0,95295.0,46556.0,49874.0
Bihar,Aurangabad(BH),5.0,3.0,0.0,2.0,22.0,1.0,9.0
Bihar,Aurangabad(bh),44.0,61.0,0.0,24.0,646.0,34.0,188.0
Bihar,Banka,6198.0,4797.0,79.0,7434.0,90686.0,49854.0,48373.0
Bihar,Begusarai,8106.0,5045.0,58.0,13270.0,119720.0,72549.0,74659.0
Bihar,Bhabua,14.0,17.0,0.0,5.0,127.0,4.0,29.0
Bihar,Bhagalpur,10456.0,10229.0,377.0,15385.0,139641.0,72409.0,75905.0
Bihar,Bhojpur,3136.0,10115.0,106.0,10707.0,131634.0,39485.0,57511.0
Bihar,Buxar,2528.0,4648.0,64.0,7052.0,66850.0,24831.0,32197.0
Bihar,Darbhanga,10017.0,5677.0,71.0,12315.0,141613.0,93323.0,117057.0
Bihar,East Champaran,10147.0,18371.0,805.0,18227.0,229801.0,95935.0,116199.0
Bihar,Gaya,6722.0,20244.0,435.0,19945.0,175229.0,85898.0,99274.0
Bihar,Gopalganj,5303.0,9649.0,196.0,8025.0,97842.0,46818.0,56666.0
Bihar,Jamui,5193.0,5029.0,160.0,5423.0,61497.0,46558.0,35599.0
Bihar,Jehanabad,915.0,3827.0,141.0,4393.0,41968.0,15681.0,21749.0
Bihar,Kaimur (Bhabua),3033.0,4707.0,85.0,5463.0,61555.0,37550.0,40607.0
Bihar,Katihar,11332.0,4903.0,115.0,11847.0,168447.0,98243.0,119037.0
Bihar,Khagaria,4348.0,3779.0,69.0,7370.0,68254.0,39283.0,40621.0
Bihar,Kishanganj,6957.0,1782.0,25.0,6372.0,138769.0,57815.0,83464.0
Bihar,Lakhisarai,2664.0,3423.0,68.0,4081.0,44802.0,22610.0,26887.0
Bihar,Madhepura,4571.0,4417.0,39.0,6595.0,85266.0,51666.0,65571.0
Bihar,Madhubani,12598.0,12534.0,798.0,13587.0,168104.0,110514.0,127621.0
Bihar,Monghyr,29.0,20.0,0.0,2.0,280.0,5.0,94.0
Bihar,Munger,2445.0,3534.0,108.0,4129.0,51818.0,21620.0,28851.0
Bihar,Muzaffarpur,14087.0,14103.0,665.0,15939.0,190978.0,93075.0,115469.0
Bihar,Nalanda,3676.0,10763.0,136.0,11812.0,141231.0,51140.0,66262.0
Bihar,Nawada,2742.0,12380.0,291.0,6895.0,79623.0,38447.0,47798.0
Bihar,Pashchim Champaran,5060.0,10737.0,562.0,23.0,1097.0,40.0,313.0
Bihar,Patna,6745.0,17151.0,748.0,20931.0,222841.0,93322.0,115692.0
Bihar,Purba Champaran,61.0,66.0,0.0,19.0,915.0,27.0,237.0
Bihar,Purbi Champaran,4000.0,10071.0,800.0,0.0,0.0,0.0,0.0
Bihar,Purnea,169.0,88.0,0.0,102.0,2704.0,1027.0,3927.0
Bihar,Purnia,12195.0,7721.0,184.0,9447.0,133927.0,106033.0,122518.0
Bihar,Rohtas,2741.0,5120.0,78.0,10462.0,107283.0,50054.0,61656.0
Bihar,Saharsa,6281.0,6577.0,205.0,6443.0,74734.0,42412.0,77454.0
Bihar,Samastipur,11289.0,7787.0,131.0,15445.0,186847.0,93161.0,107004.0
Bihar,Samstipur,41.0,41.0,0.0,10.0,438.0,13.0,182.0
Bihar,Saran,7592.0,16407.0,219.0,14788.0,155057.0,63026.0,85477.0
Bihar,Sheikhpura,1244.0,1934.0,21.0,2326.0,25762.0,16884.0,23539.0
Bihar,Sheikpura,11.0,18.0,0.0,1.0,177.0,5.0,128.0
Bihar,Sheohar,2067.0,1184.0,11.0,2482.0,28998.0,12986.0,19696.0
Bihar,Sitamarhi,20679.0,18856.0,2697.0,12645.0,157203.0,84925.0,97075.0
Bihar,Siwan,6149.0,9025.0,137.0,10600.0,113122.0,52907.0,72897.0
Bihar,Supaul,5691.0,4563.0,157.0,6449.0,100462.0,47023.0,65347.0
Bihar,Vaishali,8257.0,9698.0,52.0,12462.0,143132.0,72298.0,95862.0
Bihar,West Champaran,11585.0,18070.0,783.0,17311.0,216078.0,75467.0,91350.0
Chandigarh,Chandigarh,2473.0,211.0,36.0,13132.0,70204.0,49166.0,25296.0
Chandigarh,Mohali,0.0,0.0,0.0,0.0,5.0,2.0,4.0
Chandigarh,Rupnagar,3.0,0.0,0.0,1.0,19.0,3.0,11.0
Chhatisgarh,Raipur,0.0,0.0,0.0,0.0,4.0,2.0,3.0
Chhattisgarh,Balod,1603.0,71.0,4.0,5704.0,54030.0,26841.0,54374.0
Chhattisgarh,Baloda Bazar,4349.0,562.0,33.0,8282.0,107988.0,53691.0,87056.0
Chhattisgarh,Balrampur,4593.0,1528.0,69.0,3542.0,56759.0,20113.0,32130.0
Chhattisgarh,Bastar,4794.0,1808.0,6.0,9378.0,70053.0,27648.0,66736.0
Chhattisgarh,Bemetara,2458.0,302.0,11.0,4199.0,54494.0,34486.0,77224.0
Chhattisgarh,Bijapur,3601.0,1761.0,1362.0,1137.0,11910.0,10757.0,17127.0
Chhattisgarh,Bilaspur,7490.0,1432.0,19.0,12889.0,140452.0,67405.0,127632.0
Chhattisgarh,Dakshin Bastar Dantewada,1028.0,172.0,24.0,1408.0,4488.0,8064.0,19147.0
Chhattisgarh,Dantewada,584.0,126.0,0.0,699.0,1699.0,5327.0,13601.0
Chhattisgarh,Dhamtari,1876.0,89.0,3.0,3073.0,41640.0,26826.0,63452.0
Chhattisgarh,Durg,3528.0,520.0,47.0,10565.0,66584.0,76883.0,102968.0
Chhattisgarh,Gariyaband,1307.0,229.0,6.0,1307.0,26292.0,16883.0,35205.0
Chhattisgarh,Gaurela-pendra-marwahi,115.0,20.0,5.0,439.0,2986.0,679.0,1610.0
Chhattisgarh,Gaurella Pendra Marwahi,623.0,290.0,70.0,0.0,0.0,0.0,0.0
Chhattisgarh,Janjgir - Champa,32.0,1.0,0.0,11.0,204.0,5.0,195.0
Chhattisgarh,Janjgir Champa,21.0,4.0,0.0,5.0,231.0,21.0,171.0
Chhattisgarh,Janjgir-champa,4066.0,572.0,1.0,7192.0,104968.0,51955.0,128699.0
Chhattisgarh,Jashpur,1666.0,875.0,2.0,8700.0,62323.0,30250.0,44353.0
Chhattisgarh,Kabeerdham,860.0,92.0,3.0,3034.0,24067.0,16628.0,15889.0
Chhattisgarh,Kanker,1426.0,277.0,2.0,2867.0,25973.0,19607.0,33602.0
Chhattisgarh,Kawardha,1884.0,257.0,1.0,4631.0,62369.0,23941.0,36850.0
Chhattisgarh,Khairagarh Chhuikhadan Gandai,183.0,63.0,0.0,641.0,5462.0,132.0,903.0
Chhattisgarh,Kondagaon,1975.0,1054.0,9.0,4193.0,57771.0,17291.0,40055.0
Chhattisgarh,Korba,3040.0,489.0,13.0,6101.0,77273.0,32907.0,68967.0
Chhattisgarh,Koriya,1258.0,504.0,1.0,2301.0,29434.0,19055.0,41842.0
Chhattisgarh,Mahasamund,2773.0,563.0,25.0,8593.0,126294.0,30360.0,69509.0
Chhattisgarh,ManendragarhChirmiriBharatpur,0.0,0.0,0.0,0.0,0.0,44.0,268.0
Chhattisgarh,Manendragarh–Chirmiri–Bharatpur,188.0,106.0,0.0,395.0,4718.0,46.0,235.0
Chhattisgarh,Mohalla-Manpur-Ambagarh Chowki,10.0,4.0,0.0,32.0,149.0,36.0,31.0
Chhattisgarh,Mohla-Manpur-Ambagarh Chouki,162.0,93.0,4.0,3477.0,16334.0,1060.0,3535.0
Chhattisgarh,Mungeli,2600.0,355.0,2.0,3835.0,66729.0,28914.0,53653.0
Chhattisgarh,Narayanpur,448.0,306.0,8.0,2057.0,14708.0,7156.0,15017.0
Chhattisgarh,Raigarh,4294.0,625.0,37.0,5194.0,78242.0,39625.0,135001.0
Chhattisgarh,Raipur,6205.0,779.0,57.0,12289.0,120718.0,59735.0,132634.0
Chhattisgarh,Rajnandgaon,3791.0,371.0,23.0,10303.0,137815.0,53657.0,100841.0
Chhattisgarh,Sakti,373.0,80.0,2.0,967.0,8718.0,644.0,3380.0
Chhattisgarh,Sarangarh-Bilaigarh,159.0,24.0,3.0,622.0,7433.0,113.0,930.0
Chhattisgarh,Sukma,1256.0,804.0,119.0,1509.0,11237.0,13922.0,16217.0
Chhattisgarh,Surajpur,2250.0,720.0,7.0,3394.0,38673.0,24586.0,47236.0
Chhattisgarh,Surguja,2866.0,679.0,11.0,9129.0,106554.0,30222.0,52638.0
Chhattisgarh,Uttar Bastar Kanker,718.0,162.0,8.0,1113.0,12455.0,7038.0,23263.0
Dadra & Nagar Haveli,Dadra & Nagar Haveli,22.0,3.0,0.0,32.0,203.0,72.0,481.0
Dadra and Nagar Haveli,Dadra and Nagar Haveli,669.0,71.0,4.0,1310.0,4723.0,10791.0,16444.0
Dadra and Nagar Haveli and Daman and Diu,Dadra and Nagar Haveli,70.0,10.0,8.0,145.0,1544.0,550.0,1428.0
Dadra and Nagar Haveli and Daman and Diu,Daman,49.0,5.0,9.0,107.0,1580.0,190.0,331.0
Dadra and Nagar Haveli and Daman and Diu,Diu,12.0,6.0,4.0,54.0,310.0,13.0,20.0
Daman & Diu,Daman,8.0,1.0,0.0,23.0,354.0,360.0,1052.0
Daman & Diu,Diu,12.0,0.0,0.0,18.0,249.0,171.0,602.0
Daman and Diu,Daman,47.0,11.0,0.0,164.0,940.0,2411.0,1622.0
Daman and Diu,Diu,60.0,2.0,0.0,70.0,378.0,1804.0,926.0
Darbhanga,Near University Thana,0.0,0.0,0.0,0.0,2.0,0.0,0.0
Delhi,Central Delhi,2761.0,993.0,193.0,4432.0,44615.0,23688.0,30372.0
Delhi,East Delhi,8055.0,2458.0,223.0,24960.0,162101.0,53829.0,68976.0
Delhi,Najafgarh,21.0,9.0,0.0,9.0,186.0,51.0,794.0
Delhi,New Delhi,918.0,502.0,217.0,547.0,3514.0,2501.0,2062.0
Delhi,North Delhi,3148.0,1230.0,81.0,9317.0,77583.0,25642.0,35188.0
Delhi,North East,1328.0,408.0,2.0,360.0,11467.0,2393.0,44227.0
Delhi,North East   *,2.0,0.0,0.0,0.0,0.0,0.0,0.0
Delhi,North East Delhi,8299.0,3749.0,65.0,25389.0,115759.0,77278.0,65818.0
Delhi,North West Delhi,12395.0,3293.0,355.0,39744.0,274245.0,133575.0,191718.0
Delhi,Shahdara,1121.0,515.0,64.0,4681.0,23863.0,2658.0,5305.0
Delhi,South Delhi,10138.0,2780.0,477.0,20329.0,193160.0,96661.0,126275.0
Delhi,South East Delhi,46.0,9.0,5.0,124.0,1045.0,239.0,343.0
Delhi,South West Delhi,6951.0,1945.0,359.0,19940.0,149759.0,66558.0,74969.0
Delhi,West Delhi,14000.0,4405.0,1009.0,25703.0,206102.0,71164.0,102078.0
Goa,Bardez,2.0,0.0,0.0,2.0,29.0,9.0,31.0
Goa,Bicholim,0.0,0.0,0.0,0.0,4.0,0.0,0.0
Goa,North Goa,1109.0,146.0,99.0,1713.0,17130.0,18320.0,19451.0
Goa,South Goa,805.0,108.0,64.0,1560.0,14678.0,15915.0,14669.0
Goa,Tiswadi,0.0,0.0,0.0,0.0,4.0,0.0,2.0
Gujarat,Ahmadabad,4105.0,2322.0,240.0,320.0,7440.0,958.0,14724.0
Gujarat,Ahmedabad,12844.0,5679.0,607.0,31732.0,236152.0,165891.0,239599.0
Gujarat,Amreli,3460.0,587.0,246.0,2578.0,25310.0,33978.0,34536.0
Gujarat,Anand,5616.0,828.0,536.0,3523.0,35626.0,50966.0,62729.0
Gujarat,Arvalli,1952.0,322.0,117.0,1810.0,6286.0,19089.0,10580.0
Gujarat,Banas Kantha,5997.0,6719.0,782.0,33.0,440.0,59.0,488.0
Gujarat,Banaskantha,9944.0,5781.0,1635.0,9778.0,65429.0,74015.0,77742.0
Gujarat,Bharuch,3745.0,508.0,98.0,6975.0,42831.0,38361.0,38017.0
Gujarat,Bhavnagar,8420.0,1309.0,445.0,6530.0,51332.0,65784.0,75368.0
Gujarat,Botad,2302.0,474.0,171.0,1463.0,6082.0,10356.0,5900.0
Gujarat,Chhotaudepur,2215.0,1303.0,589.0,1857.0,7774.0,18603.0,15199.0
Gujarat,Dahod,5341.0,3891.0,1277.0,4796.0,31140.0,60236.0,55439.0
Gujarat,Dang,531.0,179.0,162.0,0.0,0.0,0.0,0.0
Gujarat,Devbhumi Dwarka,1845.0,422.0,223.0,835.0,5751.0,17817.0,7647.0
Gujarat,Dohad,5003.0,7330.0,670.0,315.0,4897.0,2168.0,13548.0
Gujarat,Gandhinagar,4075.0,837.0,738.0,6930.0,57658.0,33686.0,42878.0
Gujarat,Gir Somnath,4375.0,975.0,373.0,2323.0,9743.0,23900.0,12866.0
Gujarat,Jamnagar,4998.0,799.0,281.0,4166.0,41553.0,40890.0,40212.0
Gujarat,Junagadh,4876.0,568.0,92.0,3875.0,34170.0,33995.0,68677.0
Gujarat,Kachchh,6176.0,2605.0,521.0,7742.0,59047.0,67370.0,56591.0
Gujarat,Kheda,5826.0,1224.0,517.0,5991.0,46628.0,49735.0,67426.0
Gujarat,Mahesana,5289.0,908.0,293.0,6530.0,43687.0,42954.0,56959.0
Gujarat,Mahisagar,2036.0,397.0,130.0,918.0,6589.0,18042.0,12910.0
Gujarat,Morbi,5548.0,1803.0,653.0,3044.0,16755.0,21440.0,10439.0
Gujarat,Narmada,1155.0,96.0,29.0,2729.0,12028.0,15333.0,23865.0
Gujarat,Navsari,2453.0,201.0,103.0,5085.0,24517.0,24168.0,21384.0
Gujarat,Panch Mahals,858.0,444.0,100.0,15.0,402.0,22.0,305.0
Gujarat,Panchmahals,4828.0,1122.0,329.0,3200.0,29270.0,39189.0,65579.0
Gujarat,Patan,6023.0,2228.0,716.0,3100.0,26459.0,35135.0,38814.0
Gujarat,Porbandar,2006.0,332.0,181.0,1801.0,12822.0,14257.0,16728.0
Gujarat,Rajkot,12419.0,3732.0,919.0,10174.0,127426.0,79522.0,89189.0
Gujarat,Sabar Kantha,1083.0,1197.0,157.0,41.0,602.0,59.0,558.0
Gujarat,Sabarkantha,3603.0,1173.0,339.0,5607.0,38270.0,37100.0,53287.0
Gujarat,Surat,18412.0,6399.0,658.0,35198.0,322384.0,138828.0,142771.0
Gujarat,Surendra Nagar,4853.0,1665.0,337.0,3636.0,35123.0,44699.0,51012.0
Gujarat,Surendranagar,771.0,593.0,78.0,19.0,894.0,46.0,481.0
Gujarat,Tapi,1856.0,205.0,151.0,2645.0,9545.0,16731.0,23294.0
Gujarat,The Dangs,1068.0,186.0,74.0,1477.0,5104.0,12787.0,15163.0
Gujarat,Vadodara,9306.0,2433.0,545.0,10942.0,89085.0,72719.0,128698.0
Gujarat,Valsad,5818.0,1406.0,224.0,8741.0,39602.0,39767.0,44257.0
Haryana,Akhera,0.0,0.0,0.0,0.0,0.0,0.0,1.0
Haryana,Ambala,3063.0,122.0,33.0,3958.0,29284.0,26591.0,46165.0
Haryana,Bhiwani,3321.0,152.0,16.0,4004.0,30276.0,37865.0,57760.0
Haryana,Charkhi Dadri,839.0,19.0,0.0,1698.0,10397.0,3023.0,6765.0
Haryana,Faridabad,12607.0,3225.0,323.0,19754.0,140801.0,58976.0,59975.0
Haryana,Fatehabad,2510.0,92.0,10.0,4592.0,37378.0,29864.0,39930.0
Haryana,Gurgaon,5417.0,1247.0,197.0,13524.0,105689.0,35245.0,35546.0
Haryana,Gurugram,1804.0,625.0,207.0,0.0,0.0,0.0,0.0
Haryana,Hisar,4927.0,289.0,18.0,6665.0,56541.0,53323.0,62544.0
Haryana,Jhajjar,2515.0,99.0,10.0,3763.0,28621.0,24917.0,31722.0
Haryana,Jhajjar *,0.0,1.0,0.0,0.0,0.0,0.0,0.0
Haryana,Jind,3729.0,92.0,0.0,4923.0,39090.0,34877.0,56391.0
Haryana,Kaithal,2894.0,85.0,12.0,4992.0,34982.0,34402.0,45534.0
Haryana,Karnal,3861.0,179.0,8.0,6828.0,42303.0,32424.0,61595.0
Haryana,Kurukshetra,2315.0,78.0,11.0,3517.0,25192.0,23358.0,46634.0
Haryana,Mahendragarh,2575.0,155.0,24.0,3104.0,25430.0,20501.0,28331.0
Haryana,Mewat,6989.0,550.0,19.0,6364.0,60303.0,38268.0,30057.0
Haryana,Nuh,1251.0,213.0,42.0,0.0,0.0,0.0,0.0
Haryana,Palwal,4367.0,332.0,4.0,7265.0,61703.0,30617.0,28080.0
Haryana,Panchkula,1287.0,92.0,5.0,5417.0,29001.0,18303.0,19066.0
Haryana,Panipat,5498.0,543.0,47.0,9431.0,59653.0,31426.0,48347.0
Haryana,Rewari,2329.0,150.0,6.0,6191.0,37840.0,24987.0,24745.0
Haryana,Rohtak,3161.0,191.0,61.0,4152.0,22379.0,25700.0,50270.0
Haryana,Sirsa,3135.0,198.0,2.0,4976.0,50186.0,40642.0,56424.0
Haryana,Sonipat,4314.0,268.0,37.0,7748.0,52916.0,34624.0,50029.0
Haryana,Yamuna Nagar,3278.0,110.0,8.0,6421.0,46460.0,33592.0,55136.0
Haryana,Yamunanagar,56.0,3.0,0.0,27.0,401.0,142.0,740.0
Himachal Pradesh,Bilaspur,985.0,14.0,0.0,932.0,5828.0,9673.0,12233.0
Himachal Pradesh,Chamba,1586.0,64.0,7.0,3354.0,16304.0,16275.0,17567.0
Himachal Pradesh,Hamirpur,1181.0,16.0,1.0,883.0,6437.0,11206.0,12613.0
Himachal Pradesh,Kangra,3869.0,75.0,22.0,3693.0,30434.0,44703.0,45210.0
Himachal Pradesh,Kinnaur,137.0,21.0,5.0,141.0,1028.0,2221.0,2246.0
Himachal Pradesh,Kullu,1022.0,111.0,106.0,1211.0,8391.0,11409.0,9839.0
Himachal Pradesh,Lahaul and Spiti,3.0,0.0,0.0,15.0,44.0,15.0,32.0
Himachal Pradesh,Lahul & Spiti,36.0,2.0,0.0,6.0,271.0,110.0,485.0
Himachal Pradesh,Lahul and Spiti,31.0,1.0,0.0,70.0,163.0,557.0,208.0
Himachal Pradesh,Mandi,2460.0,43.0,11.0,2289.0,14016.0,28869.0,34465.0
Himachal Pradesh,Shimla,1488.0,161.0,21.0,1841.0,13901.0,19863.0,19864.0
Himachal Pradesh,Sirmaur,1510.0,67.0,7.0,2634.0,16784.0,15275.0,16178.0
Himachal Pradesh,Solan,1105.0,65.0,6.0,1260.0,7723.0,16252.0,17317.0
Himachal Pradesh,Una,1226.0,21.0,0.0,1095.0,8466.0,15138.0,16411.0
Jaipur,Near meera hospital,0.0,0.0,0.0,0.0,2.0,0.0,0.0
Jammu & Kashmir,Anantnag,3.0,1.0,0.0,0.0,11.0,5.0,2.0
Jammu & Kashmir,Badgam,0.0,2.0,0.0,0.0,5.0,5.0,5.0
Jammu & Kashmir,Bandipur,2.0,0.0,0.0,0.0,0.0,0.0,1.0
Jammu & Kashmir,Baramula,43.0,4.0,0.0,10.0,95.0,28.0,41.0
Jammu & Kashmir,Doda,2.0,0.0,0.0,0.0,5.0,2.0,2.0
Jammu & Kashmir,Jammu,52.0,10.0,0.0,6.0,187.0,33.0,199.0
Jammu & Kashmir,Kargil,2.0,2.0,0.0,0.0,11.0,0.0,2.0
Jammu & Kashmir,Kathua,8.0,0.0,0.0,3.0,45.0,25.0,22.0
Jammu & Kashmir,Kupwara,8.0,1.0,0.0,0.0,7.0,0.0,3.0
Jammu & Kashmir,Leh (ladakh),3.0,0.0,0.0,4.0,3.0,9.0,2.0
Jammu & Kashmir,Pulwama,4.0,0.0,0.0,0.0,1.0,1.0,1.0
Jammu & Kashmir,Punch,1.0,0.0,0.0,0.0,5.0,1.0,4.0
Jammu & Kashmir,Rajauri,1.0,1.0,0.0,0.0,15.0,2.0,10.0
Jammu & Kashmir,Srinagar,2.0,1.0,0.0,0.0,10.0,3.0,13.0
Jammu & Kashmir,Udhampur,2.0,0.0,0.0,0.0,3.0,0.0,8.0
Jammu And Kashmir,Doda,261.0,260.0,17.0,0.0,0.0,0.0,0.0
Jammu And Kashmir,Shopian,308.0,84.0,20.0,0.0,0.0,0.0,0.0
Jammu and Kashmir,?,0.0,0.0,0.0,0.0,0.0,0.0,1.0
Jammu and Kashmir,Anantnag,2975.0,340.0,35.0,5246.0,30309.0,26943.0,20619.0
Jammu and Kashmir,Badgam,1674.0,190.0,1.0,892.0,11222.0,4697.0,9434.0
Jammu and Kashmir,Bandipore,1288.0,308.0,43.0,2600.0,13294.0,10653.0,9720.0
Jammu and Kashmir,Bandipur,0.0,0.0,0.0,0.0,1.0,0.0,0.0
Jammu and Kashmir,Baramula,3155.0,528.0,64.0,5150.0,31540.0,28508.0,33358.0
Jammu and Kashmir,Budgam,793.0,51.0,15.0,5738.0,12884.0,18502.0,4609.0
Jammu and Kashmir,Doda,3186.0,763.0,15.0,1109.0,10263.0,19427.0,17348.0
Jammu and Kashmir,Ganderbal,773.0,59.0,11.0,1034.0,6495.0,7268.0,6428.0
Jammu and Kashmir,Jammu,3697.0,825.0,36.0,2480.0,32443.0,45866.0,52701.0
Jammu and Kashmir,Kargil,386.0,139.0,1.0,508.0,1537.0,1848.0,1073.0
Jammu and Kashmir,Kathua,2635.0,310.0,9.0,1772.0,18658.0,23058.0,17058.0
Jammu and Kashmir,Kishtwar,1058.0,205.0,6.0,967.0,4901.0,10878.0,10042.0
Jammu and Kashmir,Kulgam,970.0,232.0,9.0,2329.0,10078.0,14367.0,11377.0
Jammu and Kashmir,Kupwara,2392.0,443.0,40.0,7740.0,37390.0,24776.0,24981.0
Jammu and Kashmir,Leh,163.0,42.0,1.0,291.0,1136.0,1641.0,923.0
Jammu and Kashmir,Poonch,0.0,0.0,0.0,0.0,3.0,1.0,0.0
Jammu and Kashmir,Pulwama,1738.0,118.0,15.0,3432.0,18054.0,20582.0,12248.0
Jammu and Kashmir,Punch,2063.0,548.0,17.0,4052.0,19383.0,25883.0,20487.0
Jammu and Kashmir,Rajouri,2071.0,594.0,9.0,2395.0,13413.0,29902.0,25834.0
Jammu and Kashmir,Ramban,1317.0,597.0,6.0,1857.0,5897.0,21848.0,8029.0
Jammu and Kashmir,Reasi,1136.0,570.0,9.0,1119.0,7281.0,12538.0,10702.0
Jammu and Kashmir,Samba,532.0,47.0,9.0,628.0,4492.0,6837.0,4388.0
Jammu and Kashmir,Shupiyan,537.0,128.0,1.0,1844.0,6363.0,9253.0,6276.0
Jammu and Kashmir,Srinagar,2851.0,270.0,135.0,3495.0,36211.0,32589.0,40239.0
Jammu and Kashmir,Udhampur,2446.0,349.0,11.0,1172.0,15678.0,22370.0,23107.0
Jammu and Kashmir,punch,1.0,0.0,0.0,0.0,0.0,0.0,0.0
Jammu and Kashmir,udhampur,0.0,0.0,0.0,0.0,0.0,0.0,1.0
Jharkhand,Bokaro,3505.0,2278.0,17.0,4424.0,66249.0,45931.0,62498.0
Jharkhand,Bokaro *,2.0,0.0,0.0,0.0,0.0,1.0,2.0
Jharkhand,Chatra,3448.0,2819.0,35.0,3989.0,43307.0,32491.0,35201.0
Jharkhand,Deoghar,4518.0,3679.0,127.0,4022.0,56038.0,33194.0,34232.0
Jharkhand,Dhanbad,6878.0,4061.0,92.0,5776.0,102021.0,52546.0,98523.0
Jharkhand,Dumka,2743.0,2996.0,86.0,4019.0,55639.0,36526.0,39686.0
Jharkhand,East Singhbhum,5983.0,2109.0,99.0,4140.0,56520.0,59424.0,76682.0
Jharkhand,East Singhbum,848.0,546.0,53.0,0.0,0.0,0.0,0.0
Jharkhand,Garhwa,4523.0,1535.0,15.0,3459.0,36814.0,41415.0,58043.0
Jharkhand,Garhwa *,314.0,67.0,0.0,44.0,2072.0,535.0,5049.0
Jharkhand,Giridih,7695.0,6526.0,82.0,9740.0,115931.0,53614.0,56796.0
Jharkhand,Godda,3238.0,2135.0,17.0,3785.0,53892.0,44532.0,36402.0
Jharkhand,Gumla,4083.0,2524.0,94.0,3800.0,42953.0,33578.0,54300.0
Jharkhand,Hazaribag,358.0,208.0,0.0,391.0,9335.0,1605.0,6129.0
Jharkhand,Hazaribagh,4125.0,2048.0,31.0,5791.0,60854.0,38357.0,36575.0
Jharkhand,Jamtara,3160.0,1274.0,16.0,1682.0,31321.0,17787.0,21854.0
Jharkhand,Khunti,1426.0,1173.0,45.0,1410.0,20011.0,15296.0,27659.0
Jharkhand,Kodarma,184.0,126.0,0.0,221.0,2782.0,1247.0,3651.0
Jharkhand,Koderma,2096.0,1114.0,12.0,1672.0,22513.0,17953.0,20190.0
Jharkhand,Latehar,1675.0,923.0,11.0,3017.0,35628.0,22149.0,21314.0
Jharkhand,Lohardaga,1984.0,919.0,56.0,1511.0,15908.0,13862.0,25334.0
Jharkhand,Pakaur,197.0,100.0,0.0,227.0,3451.0,1049.0,1435.0
Jharkhand,Pakur,3971.0,2908.0,45.0,2790.0,42671.0,21113.0,16174.0
Jharkhand,Palamau,220.0,66.0,0.0,140.0,3546.0,496.0,2138.0
Jharkhand,Palamu,6548.0,1994.0,64.0,9410.0,104641.0,57189.0,55852.0
Jharkhand,Pashchimi Singhbhum,346.0,252.0,1.0,235.0,8922.0,3615.0,10496.0
Jharkhand,Purbi Singhbhum,814.0,172.0,0.0,86.0,4780.0,3984.0,16575.0
Jharkhand,Ramgarh,1902.0,1066.0,11.0,2377.0,33083.0,17337.0,19900.0
Jharkhand,Ranchi,9318.0,4613.0,334.0,8306.0,95347.0,61673.0,116101.0
Jharkhand,Sahebganj,3636.0,2670.0,15.0,4750.0,60999.0,36759.0,27666.0
Jharkhand,Sahibganj,187.0,178.0,0.0,150.0,2506.0,654.0,1443.0
Jharkhand,Seraikela-Kharsawan,2398.0,961.0,30.0,2085.0,26654.0,29138.0,35036.0
Jharkhand,Seraikela-kharsawan,545.0,316.0,0.0,144.0,5818.0,2760.0,11654.0
Jharkhand,Simdega,1472.0,594.0,13.0,1750.0,24335.0,20497.0,42214.0
Jharkhand,West Singhbhum,4211.0,2589.0,48.0,4033.0,55272.0,58306.0,72880.0
Karnataka,Bagalkot,6158.0,900.0,84.0,14788.0,37873.0,39884.0,37250.0
Karnataka,Bagalkot *,218.0,31.0,0.0,164.0,1032.0,439.0,1286.0
Karnataka,Ballari,2450.0,267.0,64.0,4784.0,19615.0,25151.0,12209.0
Karnataka,Bangalore,5776.0,1236.0,4.0,3869.0,47973.0,51767.0,147212.0
Karnataka,Bangalore Rural,2251.0,267.0,126.0,5713.0,42521.0,18760.0,19275.0
Karnataka,Belagavi,7063.0,622.0,120.0,12963.0,41358.0,52855.0,26146.0
Karnataka,Belgaum,5861.0,880.0,2.0,12122.0,50900.0,44316.0,66753.0
Karnataka,Bellary,3623.0,596.0,1.0,3524.0,23856.0,29044.0,39203.0
Karnataka,Bengaluru,20441.0,6732.0,3807.0,38541.0,265383.0,144086.0,152989.0
Karnataka,Bengaluru Rural,1439.0,730.0,621.0,8.0,71.0,5.0,5.0
Karnataka,Bengaluru South,15.0,183.0,5.0,326.0,3388.0,23.0,123.0
Karnataka,Bengaluru Urban,12111.0,7167.0,3796.0,0.0,0.0,0.0,0.0
Karnataka,Bidar,3960.0,896.0,64.0,6398.0,36661.0,38406.0,41302.0
Karnataka,Bijapur,3296.0,930.0,5.0,5441.0,24941.0,20574.0,34536.0
Karnataka,Bijapur(KAR),3.0,0.0,0.0,0.0,1.0,3.0,10.0
Karnataka,Chamarajanagar,232.0,17.0,0.0,85.0,1025.0,445.0,1400.0
Karnataka,Chamarajanagar *,23.0,0.0,0.0,5.0,51.0,16.0,46.0
Karnataka,Chamrajanagar,1988.0,216.0,23.0,2226.0,12985.0,15916.0,13049.0
Karnataka,Chamrajnagar,356.0,24.0,0.0,147.0,1789.0,603.0,1649.0
Karnataka,Chickmagalur,1129.0,102.0,0.0,886.0,9598.0,6808.0,15111.0
Karnataka,Chikkaballapur,2842.0,296.0,14.0,4231.0,31990.0,21218.0,20715.0
Karnataka,Chikkamagaluru,1018.0,95.0,38.0,1805.0,9284.0,9401.0,5775.0
Karnataka,Chikmagalur,145.0,9.0,0.0,42.0,670.0,201.0,1184.0
Karnataka,Chitradurga,4042.0,326.0,45.0,6123.0,41218.0,29756.0,31471.0
Karnataka,Dakshina Kannada,5896.0,530.0,79.0,7839.0,48563.0,38932.0,39119.0
Karnataka,Davanagere,437.0,46.0,0.0,182.0,3004.0,806.0,5445.0
Karnataka,Davangere,4416.0,352.0,45.0,5459.0,28314.0,39870.0,49562.0
Karnataka,Dharwad,4733.0,351.0,19.0,11753.0,43366.0,41268.0,46553.0
Karnataka,Gadag,4088.0,349.0,20.0,7989.0,20755.0,22744.0,17981.0
Karnataka,Gadag *,135.0,10.0,0.0,149.0,698.0,383.0,957.0
Karnataka,Gulbarga,3650.0,703.0,3.0,2688.0,21011.0,21236.0,43229.0
Karnataka,Hasan,944.0,49.0,0.0,466.0,8102.0,2167.0,7515.0
Karnataka,Hassan,2333.0,142.0,19.0,5817.0,33029.0,27002.0,20010.0
Karnataka,Haveri,3917.0,266.0,59.0,14289.0,43341.0,34207.0,34121.0
Karnataka,Haveri *,111.0,6.0,0.0,150.0,814.0,333.0,1084.0
Karnataka,Kalaburagi,4096.0,602.0,84.0,8200.0,32020.0,45175.0,24962.0
Karnataka,Kodagu,1095.0,75.0,41.0,1140.0,10341.0,8269.0,9036.0
Karnataka,Kolar,3841.0,314.0,31.0,6189.0,41076.0,31388.0,32895.0
Karnataka,Koppal,4752.0,650.0,49.0,8068.0,35331.0,31753.0,28059.0
Karnataka,Mandya,3401.0,150.0,43.0,4101.0,36160.0,31387.0,34392.0
Karnataka,Mysore,2857.0,214.0,2.0,1542.0,19689.0,17825.0,36693.0
Karnataka,Mysuru,3650.0,463.0,248.0,4695.0,32490.0,32289.0,22300.0
Karnataka,Raichur,7619.0,2056.0,104.0,7377.0,40787.0,53880.0,56997.0
Karnataka,Ramanagar,2559.0,379.0,11.0,3637.0,31197.0,20055.0,20867.0
Karnataka,Ramanagara,168.0,24.0,12.0,0.0,0.0,0.0,0.0
Karnataka,Shimoga,2111.0,149.0,0.0,1163.0,14351.0,7443.0,19406.0
Karnataka,Shivamogga,2004.0,182.0,43.0,4526.0,20225.0,21668.0,11986.0
Karnataka,Tumakuru,2792.0,161.0,47.0,4312.0,24113.0,26620.0,16941.0
Karnataka,Tumkur,2754.0,188.0,0.0,2750.0,23550.0,20241.0,44520.0
Karnataka,Udupi,3338.0,210.0,43.0,3944.0,23431.0,20128.0,14497.0
Karnataka,Udupi *,2.0,0.0,0.0,0.0,1.0,2.0,1.0
Karnataka,Uttara Kannada,3219.0,221.0,30.0,4134.0,26497.0,23598.0,19558.0
Karnataka,Vijayanagara,1822.0,241.0,56.0,2066.0,12626.0,5607.0,14341.0
Karnataka,Vijayapura,4662.0,842.0,92.0,8945.0,23026.0,35601.0,17491.0
Karnataka,Yadgir,4847.0,1300.0,111.0,7003.0,26331.0,32589.0,28313.0
Karnataka,yadgir,573.0,116.0,0.0,217.0,1882.0,856.0,3425.0
Kerala,Alappuzha,2536.0,892.0,131.0,2640.0,34195.0,34603.0,53026.0
Kerala,Ernakulam,4185.0,1807.0,332.0,5733.0,60474.0,61215.0,87540.0
Kerala,Idukki,1399.0,271.0,28.0,1528.0,13964.0,19715.0,28218.0
Kerala,Kannur,4013.0,1722.0,230.0,4639.0,53071.0,49177.0,70222.0
Kerala,Kasaragod,2695.0,798.0,62.0,2451.0,25907.0,36306.0,35450.0
Kerala,Kasargod,251.0,64.0,0.0,34.0,1835.0,211.0,1927.0
Kerala,Kollam,3814.0,1042.0,213.0,4498.0,48602.0,50033.0,77278.0
Kerala,Kottayam,2465.0,804.0,52.0,2352.0,27858.0,30704.0,47511.0
Kerala,Kozhikode,4587.0,1914.0,203.0,9275.0,80652.0,61123.0,91063.0
Kerala,Malappuram,10205.0,4116.0,246.0,10011.0,142379.0,96696.0,127313.0
Kerala,Palakkad,5174.0,1381.0,169.0,3894.0,46102.0,61028.0,98819.0
Kerala,Pathanamthitta,1398.0,480.0,73.0,1955.0,19080.0,20056.0,39314.0
Kerala,Thiruvananthapuram,4836.0,1394.0,433.0,5373.0,59565.0,55721.0,93096.0
Kerala,Thrissur,4914.0,1672.0,485.0,4994.0,53826.0,58766.0,86746.0
Kerala,Wayanad,1265.0,233.0,18.0,1687.0,16378.0,12585.0,24268.0
Ladakh,Kargil,365.0,120.0,7.0,701.0,1788.0,1711.0,1231.0
Ladakh,Leh,101.0,13.0,11.0,674.0,2572.0,1098.0,1723.0
Lakshadweep,Lakshadweep,192.0,10.0,1.0,170.0,1006.0,2226.0,2594.0
Madanapalle,Kadiri Road,0.0,0.0,0.0,0.0,2.0,0.0,0.0
Madhya Pradesh,Agar Malwa,2087.0,421.0,29.0,965.0,8919.0,5721.0,11092.0
Madhya Pradesh,Alirajpur,3251.0,3390.0,369.0,2001.0,19593.0,33490.0,28643.0
Madhya Pradesh,Anuppur,2864.0,349.0,13.0,3847.0,22348.0,31994.0,39356.0
Madhya Pradesh,Ashok Nagar,3726.0,1285.0,167.0,6092.0,38925.0,44837.0,29539.0
Madhya Pradesh,Ashoknagar,1594.0,1323.0,94.0,0.0,0.0,0.0,0.0
Madhya Pradesh,Balaghat,6237.0,540.0,28.0,13036.0,66256.0,72713.0,54049.0
Madhya Pradesh,Barwani,12801.0,8355.0,667.0,12569.0,70190.0,78193.0,65234.0
Madhya Pradesh,Betul,6829.0,1207.0,130.0,10942.0,37304.0,69579.0,86243.0
Madhya Pradesh,Bhind,8483.0,4845.0,639.0,8411.0,49605.0,51439.0,31926.0
Madhya Pradesh,Bhopal,11256.0,1452.0,154.0,10700.0,80164.0,89809.0,96629.0
Madhya Pradesh,Burhanpur,6542.0,2759.0,388.0,3248.0,13295.0,33915.0,40226.0
Madhya Pradesh,Chhatarpur,11504.0,5965.0,367.0,11821.0,68037.0,89515.0,69016.0
Madhya Pradesh,Chhindwara,8308.0,625.0,48.0,16975.0,72447.0,63350.0,76841.0
Madhya Pradesh,Damoh,5081.0,938.0,47.0,7014.0,48440.0,74879.0,59604.0
Madhya Pradesh,Datia,3995.0,1805.0,43.0,5168.0,31277.0,27648.0,19386.0
Madhya Pradesh,Dewas,8393.0,1958.0,91.0,5450.0,41799.0,56452.0,63449.0
Madhya Pradesh,Dhar,8734.0,3553.0,425.0,12026.0,75429.0,77936.0,68455.0
Madhya Pradesh,Dindori,2409.0,249.0,1.0,8508.0,38909.0,33514.0,27962.0
Madhya Pradesh,East Nimar,2338.0,1500.0,21.0,1078.0,8529.0,10364.0,29999.0
Madhya Pradesh,Guna,7496.0,2249.0,66.0,5429.0,47524.0,80661.0,52225.0
Madhya Pradesh,Gwalior,12110.0,5602.0,830.0,11375.0,70344.0,69790.0,57330.0
Madhya Pradesh,Harda,1733.0,383.0,18.0,1551.0,8616.0,18957.0,18812.0
Madhya Pradesh,Harda *,503.0,107.0,0.0,163.0,1931.0,2126.0,8046.0
Madhya Pradesh,Hoshangabad,5158.0,812.0,12.0,2118.0,10285.0,45218.0,51838.0
Madhya Pradesh,Indore,16685.0,5009.0,609.0,23118.0,163569.0,108940.0,112684.0
Madhya Pradesh,Jabalpur,10653.0,1713.0,101.0,9313.0,82738.0,82138.0,76526.0
Madhya Pradesh,Jhabua,6586.0,6570.0,332.0,3897.0,37565.0,50578.0,38148.0
Madhya Pradesh,Katni,8413.0,2410.0,118.0,8994.0,47948.0,53755.0,44697.0
Madhya Pradesh,Khandwa,3207.0,1232.0,82.0,4171.0,13559.0,36298.0,22720.0
Madhya Pradesh,Khargone,9870.0,4663.0,506.0,5395.0,35585.0,81463.0,87738.0
Madhya Pradesh,Maihar,378.0,20.0,20.0,195.0,3822.0,196.0,1325.0
Madhya Pradesh,Mandla,4645.0,261.0,5.0,10371.0,46610.0,34924.0,27323.0
Madhya Pradesh,Mandsaur,7444.0,808.0,24.0,10108.0,43947.0,46973.0,45487.0
Madhya Pradesh,Mauganj,379.0,58.0,1.0,169.0,3917.0,83.0,978.0
Madhya Pradesh,Morena,14064.0,7647.0,670.0,15081.0,95336.0,94466.0,51093.0
Madhya Pradesh,Narmadapuram,608.0,100.0,29.0,489.0,5420.0,1420.0,5430.0
Madhya Pradesh,Narsimhapur,966.0,223.0,0.0,298.0,3988.0,2685.0,7663.0
Madhya Pradesh,Narsinghpur,3860.0,1222.0,92.0,3937.0,22260.0,38006.0,25111.0
Madhya Pradesh,Neemuch,4183.0,764.0,17.0,5214.0,31762.0,34879.0,22132.0
Madhya Pradesh,Niwari,117.0,16.0,9.0,154.0,1585.0,1194.0,1101.0
Madhya Pradesh,Pandhurna,66.0,4.0,28.0,60.0,761.0,78.0,299.0
Madhya Pradesh,Panna,6807.0,2404.0,128.0,4984.0,37841.0,53832.0,44207.0
Madhya Pradesh,Raisen,6215.0,1230.0,122.0,6174.0,36639.0,67598.0,49050.0
Madhya Pradesh,Rajgarh,6542.0,1594.0,35.0,7503.0,34777.0,83066.0,82163.0
Madhya Pradesh,Ratlam,6427.0,1478.0,77.0,11051.0,68372.0,83610.0,51337.0
Madhya Pradesh,Rewa,9346.0,1463.0,29.0,9422.0,73712.0,119788.0,75171.0
Madhya Pradesh,Sagar,11572.0,1882.0,387.0,9874.0,78003.0,112844.0,79881.0
Madhya Pradesh,Satna,11198.0,1946.0,132.0,11697.0,75356.0,96656.0,76057.0
Madhya Pradesh,Sehore,5155.0,1308.0,55.0,4566.0,23303.0,54978.0,63024.0
Madhya Pradesh,Seoni,5558.0,513.0,10.0,10764.0,63519.0,45852.0,39900.0
Madhya Pradesh,Shahdol,4410.0,828.0,59.0,6791.0,47986.0,45413.0,49159.0
Madhya Pradesh,Shajapur,5937.0,1070.0,18.0,4315.0,26910.0,62880.0,63761.0
Madhya Pradesh,Sheopur,3765.0,3326.0,139.0,5300.0,33506.0,32840.0,23428.0
Madhya Pradesh,Shivpuri,7127.0,4867.0,747.0,7316.0,61614.0,90683.0,75889.0
Madhya Pradesh,Sidhi,5606.0,671.0,15.0,5976.0,48117.0,77260.0,43947.0
Madhya Pradesh,Singrauli,5669.0,859.0,22.0,8741.0,47963.0,76133.0,32297.0
Madhya Pradesh,Tikamgarh,5674.0,1539.0,29.0,8041.0,43127.0,89448.0,71168.0
Madhya Pradesh,Ujjain,12450.0,1763.0,95.0,10268.0,66440.0,86924.0,63027.0
Madhya Pradesh,Umaria,4360.0,906.0,34.0,3692.0,25933.0,19901.0,19360.0
Madhya Pradesh,Vidisha,7998.0,2206.0,170.0,8962.0,40335.0,67687.0,57203.0
Madhya Pradesh,West Nimar,618.0,136.0,6.0,210.0,1849.0,2548.0,7270.0
Maharashtra,Ahilyanagar,12.0,1.0,0.0,200.0,2218.0,1.0,16.0
Maharashtra,Ahmadnagar,9369.0,2338.0,129.0,8400.0,219267.0,164245.0,199316.0
Maharashtra,Ahmed Nagar,277.0,63.0,0.0,114.0,5481.0,1602.0,4237.0
Maharashtra,Ahmednagar,182.0,158.0,28.0,0.0,0.0,0.0,0.0
Maharashtra,Akola,3966.0,693.0,49.0,2889.0,59193.0,53986.0,131099.0
Maharashtra,Amravati,5783.0,1025.0,107.0,5974.0,90217.0,103569.0,234714.0
Maharashtra,Aurangabad,12374.0,4874.0,145.0,8266.0,146863.0,110323.0,201050.0
Maharashtra,Beed,7454.0,2461.0,270.0,8927.0,162224.0,114059.0,141436.0
Maharashtra,Bhandara,1842.0,55.0,6.0,1658.0,36236.0,31856.0,70348.0
Maharashtra,Bid,439.0,129.0,0.0,122.0,11796.0,538.0,9354.0
Maharashtra,Buldana,963.0,112.0,0.0,240.0,22701.0,3169.0,32568.0
Maharashtra,Buldhana,5849.0,1093.0,142.0,4282.0,109890.0,84533.0,134968.0
Maharashtra,Chandrapur,4014.0,375.0,86.0,3249.0,108822.0,65688.0,147946.0
Maharashtra,Chatrapati Sambhaji Nagar,114.0,81.0,16.0,770.0,6870.0,413.0,1791.0
Maharashtra,Chhatrapati Sambhajinagar,411.0,365.0,234.0,1424.0,13314.0,842.0,4025.0
Maharashtra,Dharashiv,89.0,28.0,27.0,239.0,2949.0,121.0,522.0
Maharashtra,Dhule,7244.0,4842.0,519.0,3645.0,58263.0,72244.0,125610.0
Maharashtra,Dist : Thane,0.0,0.0,0.0,0.0,1.0,0.0,0.0
Maharashtra,Gadchiroli,2084.0,268.0,22.0,2371.0,50327.0,38590.0,102075.0
Maharashtra,Gondia,25.0,4.0,0.0,18.0,957.0,26.0,839.0
Maharashtra,Gondiya,2780.0,104.0,6.0,3464.0,60154.0,35448.0,61066.0
Maharashtra,Gondiya *,53.0,4.0,0.0,27.0,1981.0,67.0,1341.0
Maharashtra,Hingoli,6359.0,1457.0,373.0,2729.0,93822.0,45691.0,71373.0
Maharashtra,Hingoli *,1.0,0.0,0.0,0.0,3.0,0.0,9.0
Maharashtra,Jalgaon,10454.0,2579.0,227.0,7782.0,143294.0,148853.0,268531.0
Maharashtra,Jalna,4627.0,944.0,19.0,4102.0,75438.0,71820.0,120872.0
Maharashtra,Kolhapur,6423.0,985.0,72.0,5819.0,124115.0,118410.0,152674.0
Maharashtra,Latur,5828.0,1631.0,148.0,5957.0,119670.0,74375.0,172366.0
Maharashtra,Mumbai,10594.0,3881.0,77.0,7094.0,128389.0,119615.0,284744.0
Maharashtra,Mumbai City,2314.0,449.0,166.0,4950.0,46925.0,28377.0,19194.0
Maharashtra,Mumbai Suburban,12480.0,4946.0,790.0,19869.0,173108.0,99373.0,74817.0
Maharashtra,Mumbai( Sub Urban ),340.0,79.0,0.0,51.0,3590.0,454.0,4473.0
Maharashtra,Nagpur,10093.0,1502.0,233.0,13044.0,145857.0,112851.0,238072.0
Maharashtra,Nanded,9164.0,2447.0,336.0,7187.0,229602.0,124730.0,217810.0
Maharashtra,Nandurbar,7649.0,2630.0,237.0,2966.0,38078.0,67146.0,132601.0
Maharashtra,Nandurbar *,106.0,33.0,1.0,0.0,600.0,16.0,1629.0
Maharashtra,Nashik,16262.0,5802.0,304.0,14785.0,231315.0,213100.0,363506.0
Maharashtra,Osmanabad,3303.0,713.0,10.0,3015.0,105818.0,62688.0,92367.0
Maharashtra,Palghar,7343.0,3191.0,165.0,9003.0,113104.0,91196.0,66756.0
Maharashtra,Parbhani,5062.0,1011.0,199.0,4432.0,112397.0,77890.0,106136.0
Maharashtra,Pune,24088.0,6536.0,1139.0,32644.0,405834.0,283480.0,322282.0
Maharashtra,Raigad,2585.0,743.0,105.0,3584.0,38777.0,4153.0,9872.0
Maharashtra,Raigarh,4414.0,815.0,1.0,4049.0,81818.0,74452.0,82211.0
Maharashtra,Raigarh(MH),72.0,16.0,0.0,8.0,845.0,24.0,476.0
Maharashtra,Ratnagiri,2352.0,219.0,32.0,2652.0,50357.0,56842.0,82347.0
Maharashtra,Sangli,5697.0,1802.0,133.0,3462.0,86422.0,94241.0,128772.0
Maharashtra,Satara,5148.0,717.0,156.0,3951.0,94272.0,103754.0,105815.0
Maharashtra,Sindhudurg,1121.0,59.0,22.0,1069.0,26823.0,21284.0,27093.0
Maharashtra,Solapur,9537.0,2495.0,260.0,7735.0,257811.0,154623.0,179884.0
Maharashtra,Thane,29092.0,13629.0,967.0,36090.0,411163.0,202896.0,368377.0
Maharashtra,Wardha,1859.0,89.0,5.0,2320.0,28022.0,41487.0,84972.0
Maharashtra,Washim,3041.0,300.0,45.0,1584.0,52290.0,44911.0,93709.0
Maharashtra,Washim *,28.0,4.0,0.0,6.0,989.0,60.0,779.0
Maharashtra,Yavatmal,6054.0,1339.0,201.0,5104.0,191008.0,92600.0,234587.0
Manipur,Bishnupur,516.0,559.0,42.0,5183.0,36872.0,19678.0,10631.0
Manipur,Chandel,244.0,510.0,5.0,1247.0,7742.0,4719.0,3964.0
Manipur,Churachandpur,1256.0,3274.0,108.0,2734.0,16539.0,11461.0,7351.0
Manipur,Imphal East,559.0,564.0,9.0,7534.0,48486.0,36938.0,22336.0
Manipur,Imphal West,645.0,559.0,32.0,7316.0,52034.0,36009.0,25302.0
Manipur,Jiribam,53.0,91.0,1.0,305.0,1692.0,452.0,1514.0
Manipur,Kakching,39.0,69.0,1.0,600.0,2725.0,1363.0,684.0
Manipur,Kangpokpi,0.0,0.0,0.0,2.0,1.0,0.0,0.0
Manipur,Pherzawl,1.0,10.0,0.0,14.0,162.0,2.0,0.0
Manipur,Senapati,764.0,721.0,16.0,4776.0,20734.0,12619.0,9977.0
Manipur,Tamenglong,297.0,634.0,29.0,2211.0,8220.0,4067.0,3787.0
Manipur,Thoubal,423.0,638.0,6.0,7639.0,51605.0,32794.0,23249.0
Manipur,Ukhrul,343.0,424.0,14.0,1903.0,13273.0,6363.0,7327.0
Meghalaya,East Garo Hills,1012.0,3366.0,1674.0,251.0,6094.0,975.0,1749.0
Meghalaya,East Jaintia Hills,983.0,2354.0,1796.0,445.0,2949.0,2042.0,740.0
Meghalaya,East Khasi Hills,4258.0,14606.0,9948.0,1876.0,14484.0,8982.0,12022.0
Meghalaya,Eastern West Khasi Hills,3.0,226.0,589.0,49.0,257.0,2.0,6.0
Meghalaya,Jaintia Hills,4.0,0.0,0.0,1.0,24.0,1.0,7.0
Meghalaya,Kamrup,13.0,71.0,59.0,0.0,0.0,0.0,0.0
Meghalaya,North Garo Hills,457.0,1854.0,758.0,182.0,3650.0,816.0,427.0
Meghalaya,Ri Bhoi,1338.0,4598.0,3372.0,866.0,7350.0,2847.0,1677.0
Meghalaya,South Garo Hills,568.0,2427.0,1446.0,250.0,3754.0,584.0,701.0
Meghalaya,South West Garo Hills,2417.0,1656.0,883.0,493.0,6689.0,2485.0,2430.0
Meghalaya,South West Khasi Hills,789.0,1543.0,1114.0,643.0,4097.0,1894.0,1538.0
Meghalaya,West Garo Hills,4545.0,6790.0,4540.0,1141.0,13829.0,8275.0,25195.0
Meghalaya,West Jaintia Hills,2382.0,5636.0,3798.0,898.0,6562.0,4302.0,1875.0
Meghalaya,West Khasi Hills,2410.0,8178.0,5310.0,1331.0,9213.0,3326.0,2728.0
Mizoram,Aizawl,762.0,236.0,61.0,1533.0,11359.0,26633.0,11044.0
Mizoram,Champhai,805.0,269.0,91.0,576.0,5893.0,11652.0,4316.0
Mizoram,Hnahthial,2.0,0.0,0.0,4.0,43.0,10.0,7.0
Mizoram,Khawzawl,5.0,7.0,24.0,8.0,27.0,6.0,2.0
Mizoram,Kolasib,189.0,51.0,35.0,678.0,3189.0,8032.0,2899.0
Mizoram,Lawngtlai,1164.0,381.0,97.0,391.0,4004.0,8990.0,4440.0
Mizoram,Lunglei,541.0,116.0,69.0,1087.0,6236.0,10249.0,5040.0
Mizoram,Mamit,141.0,27.0,3.0,330.0,1479.0,8827.0,1888.0
Mizoram,Mammit,71.0,8.0,0.0,35.0,601.0,1723.0,1134.0
Mizoram,Saiha,374.0,181.0,102.0,215.0,1636.0,4477.0,1279.0
Mizoram,Saitual,2.0,3.0,7.0,8.0,119.0,37.0,40.0
Mizoram,Serchhip,80.0,16.0,6.0,437.0,2018.0,4895.0,2709.0
Nagaland,Chumukedima,37.0,97.0,50.0,254.0,1583.0,245.0,406.0
Nagaland,Dimapur,1118.0,1802.0,276.0,817.0,7398.0,9331.0,15892.0
Nagaland,Kiphire,163.0,693.0,52.0,261.0,1697.0,1576.0,2734.0
Nagaland,Kohima,562.0,952.0,107.0,276.0,3032.0,3226.0,10727.0
Nagaland,Longleng,205.0,636.0,48.0,132.0,688.0,671.0,2003.0
Nagaland,Meluri,2.0,13.0,2.0,8.0,88.0,160.0,705.0
Nagaland,Mokokchung,132.0,315.0,43.0,189.0,2507.0,2120.0,6425.0
Nagaland,Mon,618.0,1434.0,171.0,837.0,3825.0,5267.0,8777.0
Nagaland,Niuland,14.0,15.0,2.0,57.0,316.0,110.0,175.0
Nagaland,Noklak,70.0,246.0,38.0,62.0,385.0,227.0,520.0
Nagaland,Peren,511.0,843.0,100.0,391.0,1413.0,1819.0,2765.0
Nagaland,Phek,309.0,695.0,39.0,155.0,1313.0,1620.0,7138.0
Nagaland,Shamator,3.0,221.0,23.0,51.0,382.0,36.0,134.0
Nagaland,Tseminyu,7.0,15.0,10.0,7.0,84.0,53.0,133.0
Nagaland,Tuensang,512.0,983.0,84.0,464.0,3775.0,2650.0,7058.0
Nagaland,Wokha,118.0,410.0,30.0,132.0,1773.0,1973.0,4954.0
Nagaland,Zunheboto,131.0,583.0,47.0,221.0,2218.0,1477.0,6486.0
Nagpur,Near Uday nagar NIT garden,0.0,0.0,0.0,0.0,1.0,0.0,0.0
ODISHA,NUAPADA,1.0,0.0,0.0,3.0,47.0,9.0,25.0
Odisha,ANGUL,1.0,0.0,0.0,1.0,8.0,3.0,2.0
Odisha,ANUGUL,12.0,1.0,0.0,4.0,141.0,80.0,165.0
Odisha,Angul,2582.0,413.0,14.0,4007.0,25448.0,32301.0,31747.0
Odisha,Anugal,1.0,2.0,0.0,0.0,11.0,0.0,4.0
Odisha,Anugul,117.0,26.0,0.0,75.0,1383.0,357.0,1297.0
Odisha,BALANGIR,0.0,0.0,0.0,0.0,0.0,0.0,1.0
Odisha,Balangir,4254.0,924.0,56.0,4999.0,32805.0,46325.0,42647.0
Odisha,Baleshwar,641.0,204.0,0.0,767.0,9516.0,5494.0,15570.0
Odisha,Baleswar,4864.0,1147.0,4.0,8027.0,35181.0,60252.0,44411.0
Odisha,Balianta,0.0,0.0,0.0,0.0,1.0,0.0,0.0
Odisha,Bargarh,4329.0,818.0,3.0,4540.0,30165.0,41870.0,38922.0
Odisha,Baudh,138.0,33.0,0.0,59.0,1067.0,936.0,3904.0
Odisha,Bhadrak,3369.0,1137.0,14.0,6869.0,33174.0,51497.0,40578.0
Odisha,Bhadrak(R),0.0,0.0,0.0,0.0,1.0,0.0,0.0
Odisha,Boudh,1177.0,245.0,2.0,1352.0,7835.0,12444.0,11863.0
Odisha,Cuttack,4040.0,1025.0,15.0,5831.0,42805.0,65497.0,69264.0
Odisha,Debagarh,776.0,95.0,5.0,1020.0,6962.0,8406.0,7841.0
Odisha,Dhenkanal,2358.0,525.0,8.0,4436.0,24867.0,37411.0,38664.0
Odisha,Gajapati,1658.0,318.0,18.0,3254.0,18050.0,30076.0,28850.0
Odisha,Ganjam,6709.0,996.0,9.0,12562.0,82023.0,94544.0,87307.0
Odisha,JAJPUR,1967.0,456.0,49.0,2586.0,15996.0,20905.0,15643.0
Odisha,Jagatsinghapur,2821.0,304.0,24.0,2499.0,13109.0,26284.0,21891.0
Odisha,Jagatsinghpur,626.0,68.0,0.0,230.0,4943.0,2860.0,9233.0
Odisha,Jajapur,2014.0,481.0,2.0,3818.0,22431.0,28109.0,31245.0
Odisha,Jajpur,10.0,7.0,0.0,6.0,229.0,85.0,201.0
Odisha,Jharsuguda,1071.0,86.0,0.0,1824.0,14847.0,13418.0,12371.0
Odisha,Kalahandi,3350.0,1071.0,64.0,5491.0,41886.0,42854.0,52056.0
Odisha,Kandhamal,2603.0,438.0,8.0,4717.0,27055.0,28755.0,30958.0
Odisha,Kendrapara,3161.0,753.0,48.0,5322.0,34358.0,39525.0,38623.0
Odisha,Kendujhar,4330.0,1032.0,15.0,7193.0,46872.0,47370.0,54574.0
Odisha,Khorda,3496.0,654.0,165.0,5724.0,31869.0,48459.0,45859.0
Odisha,Khordha,385.0,98.0,13.0,179.0,4429.0,1672.0,7323.0
Odisha,Koraput,3172.0,1165.0,46.0,4920.0,36510.0,47162.0,56820.0
Odisha,Malkangiri,2333.0,486.0,4.0,3367.0,17487.0,27302.0,20713.0
Odisha,Mayurbhanj,6227.0,1860.0,35.0,9764.0,61707.0,77366.0,79552.0
Odisha,NAYAGARH,0.0,0.0,0.0,0.0,0.0,1.0,8.0
Odisha,NUAPADA,34.0,4.0,0.0,6.0,297.0,61.0,200.0
Odisha,Nabarangapur,4174.0,1990.0,65.0,4234.0,37588.0,45252.0,45323.0
Odisha,Nabarangpur,327.0,103.0,12.0,0.0,0.0,0.0,0.0
Odisha,Nayagarh,2080.0,271.0,11.0,3399.0,19496.0,30128.0,30707.0
Odisha,Nuapada,1666.0,413.0,2.0,2464.0,15426.0,23036.0,23620.0
Odisha,Puri,2959.0,548.0,4.0,3861.0,26976.0,36327.0,35154.0
Odisha,Rayagada,2370.0,672.0,3.0,4156.0,27317.0,29519.0,29352.0
Odisha,Sambalpur,2234.0,317.0,1.0,3679.0,26399.0,26666.0,25524.0
Odisha,Sonapur,1266.0,221.0,1.0,2173.0,10990.0,15279.0,10976.0
Odisha,Subarnapur,339.0,60.0,0.0,290.0,4019.0,1902.0,4573.0
Odisha,Sundargarh,486.0,105.0,0.0,398.0,6626.0,3142.0,11889.0
Odisha,Sundergarh,3341.0,640.0,19.0,5523.0,37152.0,47566.0,46692.0
Odisha,jajpur,14.0,4.0,0.0,17.0,137.0,86.0,126.0
Orissa,Angul,0.0,0.0,0.0,0.0,3.0,2.0,0.0
Orissa,Anugul,42.0,9.0,0.0,15.0,195.0,57.0,149.0
Orissa,Anugul  *,0.0,0.0,0.0,0.0,0.0,0.0,1.0
Orissa,Balangir,328.0,108.0,0.0,241.0,4549.0,2473.0,9600.0
Orissa,Baleshwar,337.0,47.0,0.0,241.0,1763.0,1068.0,2704.0
Orissa,Baleswar,2.0,1.0,0.0,0.0,6.0,6.0,5.0
Orissa,Bargarh,82.0,7.0,0.0,44.0,722.0,260.0,755.0
Orissa,Baudh,4.0,0.0,0.0,0.0,4.0,0.0,5.0
Orissa,Bhadrak,332.0,39.0,0.0,245.0,2362.0,1564.0,4041.0
Orissa,Cuttack,265.0,57.0,0.0,97.0,1938.0,1033.0,5274.0
Orissa,Debagarh,7.0,0.0,0.0,0.0,7.0,2.0,3.0
Orissa,Dhenkanal,108.0,18.0,0.0,46.0,634.0,441.0,1131.0
Orissa,Gajapati,8.0,0.0,0.0,1.0,63.0,9.0,57.0
Orissa,Ganjam,354.0,48.0,0.0,328.0,3926.0,1719.0,5292.0
Orissa,Jagatsinghapur,31.0,4.0,0.0,3.0,78.0,57.0,170.0
Orissa,Jajapur,93.0,18.0,0.0,51.0,433.0,165.0,594.0
Orissa,Jajapur  *,0.0,0.0,0.0,0.0,3.0,0.0,0.0
Orissa,Jharsuguda,25.0,0.0,0.0,12.0,103.0,20.0,47.0
Orissa,Kalahandi,11.0,0.0,0.0,0.0,18.0,3.0,11.0
Orissa,Kandhamal,30.0,2.0,0.0,12.0,261.0,39.0,187.0
Orissa,Kendrapara,49.0,4.0,0.0,18.0,221.0,47.0,191.0
Orissa,Kendrapara *,1.0,0.0,0.0,0.0,0.0,0.0,0.0
Orissa,Kendujhar,39.0,10.0,0.0,12.0,361.0,53.0,236.0
Orissa,Khorda,1.0,1.0,0.0,0.0,5.0,2.0,2.0
Orissa,Khordha,629.0,97.0,0.0,205.0,3843.0,1868.0,11761.0
Orissa,Khordha  *,0.0,0.0,0.0,0.0,0.0,0.0,1.0
Orissa,Koraput,94.0,25.0,0.0,31.0,799.0,229.0,1000.0
Orissa,Malkangiri,40.0,7.0,0.0,15.0,203.0,51.0,170.0
Orissa,Mayurbhanj,31.0,1.0,0.0,6.0,44.0,12.0,55.0
Orissa,Nabarangapur,1.0,2.0,0.0,1.0,13.0,0.0,11.0
Orissa,Nayagarh,92.0,12.0,0.0,47.0,570.0,361.0,827.0
Orissa,Nuapada,2.0,0.0,0.0,0.0,2.0,0.0,2.0
Orissa,Puri,194.0,26.0,0.0,115.0,1911.0,861.0,2581.0
Orissa,Rayagada,146.0,35.0,0.0,23.0,875.0,162.0,1266.0
Orissa,Sambalpur,21.0,4.0,0.0,11.0,231.0,22.0,110.0
Orissa,Sonapur,22.0,0.0,0.0,10.0,94.0,18.0,52.0
Orissa,Subarnapur,6.0,0.0,0.0,4.0,47.0,12.0,18.0
Orissa,Sundargarh,121.0,18.0,0.0,19.0,617.0,180.0,976.0
Orissa,Sundergarh,0.0,1.0,0.0,0.0,1.0,0.0,2.0
Pondicherry,Cuddalore,0.0,0.0,0.0,0.0,0.0,0.0,6.0
Pondicherry,Karaikal,154.0,8.0,0.0,34.0,870.0,160.0,2573.0
Pondicherry,Pondicherry,1015.0,69.0,0.0,572.0,5755.0,5050.0,19668.0
Pondicherry,Viluppuram,0.0,0.0,0.0,0.0,0.0,3.0,5.0
Pondicherry,Yanam,24.0,2.0,0.0,1.0,227.0,5.0,117.0
Puducherry,Karaikal,363.0,30.0,12.0,1337.0,4081.0,5587.0,7926.0
Puducherry,Pondicherry,3.0,0.0,0.0,6.0,21.0,6.0,47.0
Puducherry,Puducherry,1213.0,85.0,32.0,2736.0,17038.0,16187.0,12467.0
Puducherry,Yanam,6.0,1.0,0.0,10.0,75.0,48.0,53.0
Punjab,Amritsar,7633.0,1775.0,247.0,6399.0,92676.0,56802.0,98206.0
Punjab,Barnala,926.0,79.0,8.0,677.0,12827.0,16109.0,19430.0
Punjab,Bathinda,2388.0,298.0,18.0,2044.0,35376.0,42639.0,54101.0
Punjab,Faridkot,793.0,99.0,10.0,826.0,13896.0,15023.0,24389.0
Punjab,Fatehgarh Sahib,891.0,144.0,13.0,932.0,14414.0,17318.0,20081.0
Punjab,Fazilka,1630.0,271.0,10.0,2036.0,29626.0,29691.0,31704.0
Punjab,Ferozepur,1262.0,114.0,5.0,1875.0,26320.0,24604.0,30726.0
Punjab,Firozpur,347.0,48.0,0.0,159.0,6365.0,1965.0,9515.0
Punjab,Gurdaspur,4436.0,558.0,126.0,4847.0,67125.0,40136.0,79099.0
Punjab,Hoshiarpur,3515.0,401.0,218.0,3118.0,43431.0,33856.0,58908.0
Punjab,Jalandhar,3314.0,732.0,72.0,2995.0,48136.0,50422.0,90848.0
Punjab,Kapurthala,2067.0,446.0,1213.0,771.0,13101.0,18246.0,35857.0
Punjab,Ludhiana,12209.0,4573.0,832.0,7364.0,112339.0,81491.0,109436.0
Punjab,Malerkotla,711.0,146.0,8.0,1037.0,14062.0,5712.0,8075.0
Punjab,Mansa,998.0,107.0,19.0,1368.0,22187.0,22379.0,36660.0
Punjab,Moga,1335.0,159.0,41.0,1304.0,22742.0,23084.0,38260.0
Punjab,Muktsar,306.0,28.0,0.0,102.0,3449.0,923.0,7956.0
Punjab,Nawanshahr,169.0,23.0,0.0,27.0,2931.0,179.0,4010.0
Punjab,Pathankot,1033.0,67.0,15.0,1276.0,13220.0,12987.0,13609.0
Punjab,Patiala,4298.0,769.0,83.0,7390.0,81662.0,54972.0,64339.0
Punjab,Rupnagar,1140.0,93.0,13.0,1006.0,12699.0,17432.0,28021.0
Punjab,S.A.S Nagar,493.0,164.0,48.0,0.0,0.0,0.0,0.0
Punjab,S.A.S Nagar(Mohali),241.0,36.0,0.0,50.0,2271.0,351.0,2384.0
Punjab,SAS Nagar (Mohali),2398.0,493.0,62.0,4590.0,53482.0,30755.0,27086.0
Punjab,Sangrur,2087.0,203.0,39.0,1404.0,28511.0,37125.0,45345.0
Punjab,Shaheed Bhagat Singh Nagar,801.0,101.0,44.0,569.0,5775.0,13729.0,16771.0
Punjab,Sri Muktsar Sahib,1157.0,150.0,8.0,1544.0,20147.0,25553.0,30670.0
Punjab,Tarn Taran,2646.0,273.0,20.0,1156.0,26259.0,26674.0,54028.0
Puttenahalli,5th cross,0.0,0.0,0.0,0.0,1.0,0.0,0.0
Raja Annamalai Puram,Near Dhyana Ashram,0.0,0.0,0.0,0.0,1.0,0.0,0.0
Rajasthan,Ajmer,9200.0,2787.0,148.0,12323.0,111713.0,78270.0,63588.0
Rajasthan,Alwar,15764.0,7314.0,305.0,15411.0,129333.0,124960.0,98489.0
Rajasthan,Balotra,1.0,0.0,0.0,26.0,477.0,0.0,6.0
Rajasthan,Banswara,4203.0,3030.0,30.0,5054.0,96240.0,52757.0,40954.0
Rajasthan,Baran,4532.0,1658.0,77.0,6373.0,72385.0,41044.0,39212.0
Rajasthan,Barmer,10522.0,5233.0,96.0,9913.0,101808.0,114905.0,81860.0
Rajasthan,Beawar,1.0,0.0,0.0,24.0,486.0,2.0,6.0
Rajasthan,Bharatpur,10236.0,6643.0,175.0,9983.0,95080.0,78011.0,63144.0
Rajasthan,Bhilwara,7865.0,3035.0,183.0,7046.0,90693.0,63856.0,56163.0
Rajasthan,Bikaner,7464.0,5620.0,199.0,9014.0,72638.0,62218.0,68653.0
Rajasthan,Bundi,3414.0,1334.0,124.0,4316.0,44385.0,32954.0,29903.0
Rajasthan,Chittaurgarh,286.0,70.0,1.0,86.0,1979.0,569.0,1669.0
Rajasthan,Chittorgarh,3698.0,2160.0,128.0,5411.0,56413.0,35481.0,27117.0
Rajasthan,Churu,7888.0,4732.0,160.0,8045.0,68052.0,67446.0,65778.0
Rajasthan,Dausa,4277.0,1807.0,49.0,6047.0,44220.0,56018.0,50312.0
Rajasthan,Deeg,13.0,36.0,12.0,22.0,226.0,4.0,138.0
Rajasthan,Deeg ,1.0,7.0,0.0,95.0,956.0,3.0,13.0
Rajasthan,Dhaulpur,93.0,46.0,0.0,15.0,473.0,117.0,283.0
Rajasthan,Dholpur,5719.0,2711.0,150.0,8855.0,68700.0,47710.0,26707.0
Rajasthan,Didwana-Kuchaman,2.0,0.0,0.0,66.0,654.0,1.0,7.0
Rajasthan,Dungarpur,3869.0,2649.0,53.0,4330.0,90978.0,51452.0,35106.0
Rajasthan,Ganganagar,4186.0,1276.0,42.0,5528.0,63690.0,46082.0,56446.0
Rajasthan,Hanumangarh,3628.0,1271.0,41.0,6898.0,70339.0,43250.0,53383.0
Rajasthan,Jaipur,21436.0,8976.0,734.0,29544.0,245796.0,158293.0,197591.0
Rajasthan,Jaisalmer,1683.0,1120.0,51.0,2104.0,19280.0,25276.0,19701.0
Rajasthan,Jalor,7882.0,5875.0,234.0,4265.0,62425.0,51608.0,48178.0
Rajasthan,Jalore,298.0,183.0,13.0,57.0,979.0,3.0,17.0
Rajasthan,Jhalawar,4978.0,2002.0,56.0,6231.0,74861.0,42460.0,37652.0
Rajasthan,Jhunjhunu,210.0,101.0,0.0,140.0,2602.0,541.0,1400.0
Rajasthan,Jhunjhunun,5749.0,1776.0,86.0,5831.0,48821.0,48082.0,62310.0
Rajasthan,Jodhpur,14563.0,6724.0,928.0,11482.0,128488.0,114854.0,104179.0
Rajasthan,Karauli,5857.0,2670.0,109.0,7277.0,51169.0,49784.0,31187.0
Rajasthan,Khairthal-Tijara,0.0,0.0,0.0,73.0,984.0,4.0,11.0
Rajasthan,Kota,5545.0,1876.0,104.0,9075.0,83991.0,47161.0,46193.0
Rajasthan,Kotputli-Behror,0.0,0.0,0.0,49.0,480.0,1.0,6.0
Rajasthan,Nagaur,11618.0,5441.0,208.0,10343.0,93084.0,104709.0,100659.0
Rajasthan,Pali,6300.0,2696.0,118.0,5398.0,60939.0,70502.0,85408.0
Rajasthan,Phalodi,0.0,0.0,0.0,14.0,190.0,0.0,2.0
Rajasthan,Pratapgarh,2643.0,1133.0,18.0,3448.0,45108.0,32886.0,23401.0
Rajasthan,Rajsamand,3078.0,1405.0,29.0,4623.0,42547.0,33770.0,28192.0
Rajasthan,Salumbar,1.0,0.0,0.0,20.0,193.0,0.0,1.0
Rajasthan,Sawai Madhopur,4575.0,2083.0,86.0,4617.0,40538.0,42901.0,38521.0
Rajasthan,Sikar,8163.0,3061.0,176.0,9034.0,69303.0,73998.0,87615.0
Rajasthan,Sirohi,5500.0,4853.0,379.0,3803.0,37490.0,35757.0,34393.0
Rajasthan,Tonk,4198.0,1656.0,61.0,5975.0,50653.0,41737.0,38186.0
Rajasthan,Udaipur,8641.0,6073.0,192.0,8940.0,118552.0,95310.0,84468.0
Sikkim,East,215.0,153.0,2.0,406.0,5461.0,2428.0,3095.0
Sikkim,East Sikkim,184.0,136.0,19.0,349.0,3164.0,2607.0,1482.0
Sikkim,Mangan,0.0,2.0,1.0,0.0,67.0,0.0,0.0
Sikkim,Namchi,3.0,7.0,14.0,6.0,276.0,0.0,5.0
Sikkim,North,34.0,10.0,0.0,46.0,397.0,152.0,155.0
Sikkim,North Sikkim,45.0,17.0,0.0,59.0,387.0,636.0,282.0
Sikkim,South,88.0,108.0,1.0,156.0,3583.0,1018.0,2032.0
Sikkim,South Sikkim,187.0,247.0,25.0,133.0,1276.0,1299.0,754.0
Sikkim,West,92.0,111.0,5.0,194.0,2359.0,1530.0,2054.0
Sikkim,West Sikkim,206.0,256.0,39.0,206.0,1815.0,2262.0,1029.0
Tamil Nadu,Ariyalur,1927.0,405.0,80.0,4536.0,18815.0,31344.0,46129.0
Tamil Nadu,Chengalpattu,862.0,319.0,72.0,2251.0,19282.0,3965.0,2283.0
Tamil Nadu,Chennai,7686.0,2159.0,198.0,17927.0,130441.0,112681.0,120349.0
Tamil Nadu,Coimbatore,7139.0,1804.0,43.0,13326.0,104412.0,75352.0,144370.0
Tamil Nadu,Cuddalore,7493.0,1093.0,44.0,11218.0,70377.0,90307.0,77798.0
Tamil Nadu,Dharmapuri,4840.0,851.0,48.0,7202.0,34178.0,67201.0,37657.0
Tamil Nadu,Dindigul,4678.0,1393.0,12.0,8508.0,49069.0,65029.0,121094.0
Tamil Nadu,Erode,4964.0,1045.0,8.0,7821.0,60588.0,64193.0,83302.0
Tamil Nadu,Kallakurichi,877.0,149.0,38.0,1585.0,9205.0,2550.0,2268.0
Tamil Nadu,Kancheepuram,9629.0,3354.0,67.0,19692.0,121601.0,120462.0,113457.0
Tamil Nadu,Kanchipuram,277.0,89.0,21.0,0.0,8.0,1.0,8.0
Tamil Nadu,Kanniyakumari,2139.0,135.0,1.0,6227.0,32451.0,27515.0,41917.0
Tamil Nadu,Kanyakumari,1896.0,92.0,17.0,4020.0,16676.0,21726.0,8022.0
Tamil Nadu,Karur,3362.0,654.0,3.0,3590.0,23754.0,27884.0,29923.0
Tamil Nadu,Krishnagiri,4157.0,910.0,8.0,9282.0,52627.0,73365.0,47438.0
Tamil Nadu,Madurai,8875.0,1024.0,39.0,15130.0,90922.0,100202.0,113596.0
Tamil Nadu,Mayiladuthurai,437.0,64.0,1.0,470.0,3132.0,3442.0,867.0
Tamil Nadu,Nagapattinam,3315.0,732.0,0.0,3961.0,34068.0,35304.0,45373.0
Tamil Nadu,Namakkal,4257.0,606.0,9.0,9009.0,36807.0,47020.0,73971.0
Tamil Nadu,Namakkal   *,0.0,1.0,0.0,0.0,0.0,0.0,0.0
Tamil Nadu,Perambalur,1898.0,232.0,0.0,3307.0,12354.0,25143.0,31894.0
Tamil Nadu,Pudukkottai,5339.0,1670.0,36.0,7347.0,44710.0,52246.0,78060.0
Tamil Nadu,Ramanathapuram,3318.0,644.0,43.0,5157.0,33134.0,45471.0,54948.0
Tamil Nadu,Ranipet,97.0,13.0,1.0,190.0,1200.0,423.0,214.0
Tamil Nadu,Salem,8417.0,1608.0,224.0,15487.0,90884.0,118161.0,122483.0
Tamil Nadu,Sivaganga,3740.0,685.0,21.0,5391.0,28905.0,43566.0,51624.0
Tamil Nadu,Tenkasi,1150.0,118.0,0.0,1825.0,8195.0,7560.0,2643.0
Tamil Nadu,Thanjavur,5881.0,1471.0,20.0,11625.0,65210.0,71305.0,98262.0
Tamil Nadu,The Nilgiris,1279.0,430.0,5.0,2420.0,12853.0,22599.0,21505.0
Tamil Nadu,Theni,2908.0,563.0,2.0,4918.0,33858.0,38916.0,47806.0
Tamil Nadu,Thiruvallur,461.0,134.0,10.0,104.0,1719.0,939.0,1958.0
Tamil Nadu,Thiruvarur,3346.0,816.0,3.0,5041.0,32739.0,36203.0,36596.0
Tamil Nadu,Thoothukkudi,4439.0,877.0,3.0,6827.0,37868.0,70728.0,69133.0
Tamil Nadu,Tiruchirappalli,8396.0,1531.0,5.0,11294.0,62387.0,71253.0,122317.0
Tamil Nadu,Tirunelveli,8303.0,1370.0,2.0,14714.0,65176.0,97249.0,117524.0
Tamil Nadu,Tirupathur,4.0,0.0,0.0,10.0,83.0,50.0,9.0
Tamil Nadu,Tirupattur,944.0,102.0,2.0,1189.0,8163.0,8965.0,3146.0
Tamil Nadu,Tiruppur,5078.0,1109.0,5.0,12574.0,73372.0,71207.0,77565.0
Tamil Nadu,Tiruvallur,8712.0,2665.0,58.0,18319.0,130089.0,125834.0,111959.0
Tamil Nadu,Tiruvannamalai,6556.0,677.0,33.0,9251.0,55967.0,82696.0,58759.0
Tamil Nadu,Tiruvarur,1.0,0.0,0.0,0.0,2.0,0.0,3.0
Tamil Nadu,Tuticorin,1.0,1.0,0.0,0.0,4.0,1.0,5.0
Tamil Nadu,Vellore,8271.0,1309.0,53.0,11895.0,77505.0,99121.0,92682.0
Tamil Nadu,Villupuram,5854.0,915.0,3.0,9988.0,29580.0,85898.0,35363.0
Tamil Nadu,Viluppuram,4341.0,781.0,0.0,2249.0,33539.0,22410.0,63056.0
Tamil Nadu,Virudhunagar,4769.0,627.0,11.0,8761.0,48681.0,59765.0,61529.0
Tamilnadu,Chennai,0.0,0.0,0.0,0.0,0.0,1.0,0.0
Telangana,Adilabad,2517.0,467.0,3.0,6413.0,39597.0,44923.0,35360.0
Telangana,Bhadradri Kothagudem,2490.0,682.0,39.0,5559.0,28170.0,11882.0,9721.0
Telangana,Hanumakonda,916.0,109.0,5.0,1914.0,17061.0,1831.0,7186.0
Telangana,Hyderabad,19721.0,5600.0,669.0,31935.0,184522.0,133421.0,95120.0
Telangana,Jagitial,1488.0,98.0,9.0,1965.0,14334.0,6634.0,4111.0
Telangana,Jangaon,66.0,15.0,0.0,93.0,709.0,128.0,152.0
Telangana,Jangoan,892.0,130.0,0.0,1561.0,15339.0,3951.0,3328.0
Telangana,Jayashankar Bhupalpally,670.0,173.0,4.0,1380.0,14881.0,2077.0,2491.0
Telangana,Jogulamba Gadwal,1543.0,299.0,2.0,6843.0,26733.0,6006.0,5324.0
Telangana,K.v. Rangareddy,13564.0,3681.0,164.0,31619.0,165711.0,122856.0,125725.0
Telangana,Kamareddy,1862.0,144.0,2.0,3541.0,20904.0,7963.0,7278.0
Telangana,Karimnagar,5115.0,686.0,7.0,9393.0,68602.0,68569.0,67307.0
Telangana,Khammam,2800.0,1079.0,9.0,8152.0,45656.0,44451.0,17719.0
Telangana,Komaram Bheem,917.0,189.0,0.0,3729.0,23729.0,4930.0,4747.0
Telangana,Mahabubabad,1249.0,253.0,1.0,2613.0,20797.0,5922.0,4258.0
Telangana,Mahabubnagar,7689.0,2463.0,16.0,22869.0,73557.0,104613.0,90436.0
Telangana,Mancherial,924.0,169.0,1.0,3062.0,24061.0,7258.0,5151.0
Telangana,Medak,6158.0,1379.0,7.0,8929.0,46040.0,66461.0,60205.0
Telangana,Medchal Malkajgiri,409.0,265.0,30.0,0.0,0.0,0.0,0.0
Telangana,Medchal-malkajgiri,3064.0,900.0,106.0,13782.0,71470.0,13800.0,16330.0
Telangana,Medchal?malkajgiri,1.0,1.0,0.0,89.0,261.0,490.0,366.0
Telangana,Medchalâmalkajgiri,0.0,0.0,0.0,0.0,1.0,0.0,0.0
Telangana,Medchal−malkajgiri,445.0,88.0,2.0,425.0,1252.0,3466.0,1147.0
Telangana,Mulugu,700.0,233.0,4.0,1318.0,10380.0,2353.0,3034.0
Telangana,Nagarkurnool,1077.0,282.0,2.0,2811.0,17359.0,7210.0,5244.0
Telangana,Nalgonda,5405.0,1246.0,10.0,10853.0,66588.0,80121.0,57868.0
Telangana,Narayanpet,1082.0,224.0,4.0,2346.0,14386.0,2929.0,3358.0
Telangana,Nirmal,1292.0,106.0,3.0,4519.0,29327.0,6240.0,7084.0
Telangana,Nizamabad,5985.0,583.0,9.0,11080.0,55895.0,63114.0,54082.0
Telangana,Peddapalli,513.0,72.0,3.0,919.0,9008.0,2370.0,4057.0
Telangana,Rajanna Sircilla,834.0,51.0,3.0,1426.0,9739.0,4367.0,3718.0
Telangana,Ranga Reddy,181.0,93.0,10.0,0.0,0.0,0.0,0.0
Telangana,Rangareddy,237.0,61.0,2.0,734.0,4828.0,878.0,1908.0
Telangana,Sangareddy,2224.0,468.0,11.0,6437.0,30851.0,14012.0,8067.0
Telangana,Siddipet,1701.0,174.0,1.0,4466.0,31495.0,10041.0,6168.0
Telangana,Suryapet,1743.0,297.0,2.0,4565.0,41224.0,9015.0,11078.0
Telangana,Vikarabad,2085.0,506.0,2.0,8873.0,51676.0,7987.0,6236.0
Telangana,Wanaparthy,1266.0,401.0,0.0,4167.0,21013.0,4693.0,5281.0
Telangana,Warangal,2462.0,490.0,0.0,5476.0,23625.0,54305.0,37305.0
Telangana,Warangal (urban),6.0,1.0,0.0,11.0,110.0,4.0,7.0
Telangana,Warangal Rural,660.0,70.0,2.0,1082.0,16618.0,3736.0,3433.0
Telangana,Warangal Urban,585.0,72.0,6.0,1821.0,13757.0,4643.0,3940.0
Telangana,Yadadri.,1380.0,205.0,1.0,3489.0,36383.0,6847.0,5827.0
The Dadra And Nagar Haveli And Daman And Diu,Dadra And Nagar Haveli,548.0,141.0,27.0,0.0,0.0,0.0,0.0
Tripura,Dhalai,777.0,607.0,36.0,1334.0,14091.0,20943.0,14025.0
Tripura,Dhalai  *,28.0,4.0,0.0,14.0,378.0,197.0,450.0
Tripura,Gomati,464.0,204.0,11.0,1461.0,8300.0,11757.0,2945.0
Tripura,Khowai,196.0,99.0,44.0,514.0,2997.0,7029.0,2137.0
Tripura,North Tripura,1046.0,416.0,26.0,1058.0,13873.0,23177.0,24321.0
Tripura,Sepahijala,1121.0,577.0,30.0,1094.0,14231.0,13756.0,5869.0
Tripura,South Tripura,1348.0,804.0,6.0,2536.0,28143.0,22883.0,34673.0
Tripura,Unakoti,433.0,179.0,27.0,499.0,3144.0,11699.0,4034.0
Tripura,West Tripura,1963.0,764.0,75.0,3281.0,41065.0,36094.0,56166.0
Uttar Pradesh,Agra,16314.0,12691.0,905.0,18477.0,157476.0,152308.0,82740.0
Uttar Pradesh,Aligarh,13830.0,11776.0,586.0,15788.0,170674.0,144160.0,55340.0
Uttar Pradesh,Allahabad,7254.0,5946.0,49.0,18792.0,167503.0,177827.0,81083.0
Uttar Pradesh,Ambedkar Nagar,3856.0,4096.0,50.0,8036.0,67720.0,53320.0,33900.0
Uttar Pradesh,Amethi,3890.0,3251.0,56.0,7282.0,68998.0,57942.0,35329.0
Uttar Pradesh,Amroha,5605.0,2476.0,61.0,7277.0,83025.0,64902.0,27770.0
Uttar Pradesh,Auraiya,2169.0,1547.0,17.0,5621.0,46178.0,43638.0,19543.0
Uttar Pradesh,Auraiya *,0.0,0.0,0.0,0.0,0.0,1.0,0.0
Uttar Pradesh,Ayodhya,1027.0,634.0,32.0,1751.0,13526.0,3617.0,3774.0
Uttar Pradesh,Azamgarh,6717.0,13577.0,279.0,17812.0,141977.0,95316.0,78082.0
Uttar Pradesh,Baghpat,3482.0,3203.0,154.0,5208.0,49700.0,37736.0,20293.0
Uttar Pradesh,Baghpat *,0.0,0.0,0.0,1.0,2.0,0.0,0.0
Uttar Pradesh,Bagpat,0.0,1.0,0.0,2.0,8.0,2.0,6.0
Uttar Pradesh,Bahraich,14674.0,22360.0,2304.0,10401.0,119296.0,131149.0,49929.0
Uttar Pradesh,Ballia,4079.0,5860.0,37.0,12808.0,92140.0,77756.0,55249.0
Uttar Pradesh,Balrampur,4181.0,7907.0,236.0,5318.0,72758.0,66623.0,35489.0
Uttar Pradesh,Banda,4825.0,5563.0,203.0,5285.0,64150.0,58396.0,34095.0
Uttar Pradesh,Bara Banki,5776.0,3218.0,92.0,8729.0,101238.0,114423.0,50819.0
Uttar Pradesh,Barabanki,1401.0,922.0,52.0,161.0,4799.0,789.0,3435.0
Uttar Pradesh,Bareilly,17187.0,10017.0,607.0,21442.0,220300.0,166397.0,68411.0
Uttar Pradesh,Basti,4823.0,5216.0,80.0,8964.0,75846.0,69272.0,39929.0
Uttar Pradesh,Bhadohi,265.0,277.0,4.0,1463.0,10317.0,3621.0,2919.0
Uttar Pradesh,Bijnor,12935.0,3843.0,73.0,17345.0,209514.0,143040.0,74008.0
Uttar Pradesh,Budaun,7773.0,7407.0,349.0,14396.0,156943.0,77268.0,33050.0
Uttar Pradesh,Bulandshahar,115.0,70.0,0.0,28.0,635.0,61.0,159.0
Uttar Pradesh,Bulandshahr,9155.0,7521.0,209.0,18691.0,156066.0,133979.0,46853.0
Uttar Pradesh,Chandauli,4405.0,4986.0,175.0,10053.0,83550.0,61634.0,28910.0
Uttar Pradesh,Chandauli *,0.0,0.0,0.0,1.0,0.0,0.0,1.0
Uttar Pradesh,Chitrakoot,2951.0,2436.0,14.0,3931.0,40615.0,42495.0,20237.0
Uttar Pradesh,Chitrakoot *,0.0,0.0,0.0,0.0,1.0,0.0,0.0
Uttar Pradesh,Deoria,4700.0,5443.0,114.0,12422.0,96829.0,78834.0,59779.0
Uttar Pradesh,Etah,6760.0,4345.0,159.0,6180.0,55711.0,63551.0,23878.0
Uttar Pradesh,Etawah,4173.0,2865.0,116.0,6640.0,55440.0,51467.0,27628.0
Uttar Pradesh,Faizabad,4052.0,2871.0,3.0,6794.0,63185.0,65237.0,29679.0
Uttar Pradesh,Farrukhabad,2844.0,2944.0,82.0,6288.0,63850.0,55262.0,21934.0
Uttar Pradesh,Fatehpur,6526.0,5582.0,225.0,9425.0,97695.0,71340.0,46574.0
Uttar Pradesh,Firozabad,7250.0,4926.0,124.0,11620.0,127581.0,81603.0,32164.0
Uttar Pradesh,Gautam Buddha Nagar,9002.0,9318.0,637.0,15292.0,138699.0,49113.0,40326.0
Uttar Pradesh,Gautam Buddha Nagar *,0.0,0.0,0.0,0.0,0.0,0.0,2.0
Uttar Pradesh,Ghaziabad,11984.0,10693.0,393.0,20582.0,219179.0,103385.0,88637.0
Uttar Pradesh,Ghazipur,4323.0,6894.0,71.0,16498.0,111342.0,91279.0,54413.0
Uttar Pradesh,Gonda,7445.0,7494.0,328.0,10986.0,114930.0,99643.0,52432.0
Uttar Pradesh,Gorakhpur,7454.0,12090.0,425.0,18079.0,140786.0,81386.0,96778.0
Uttar Pradesh,Hamirpur,2040.0,1398.0,27.0,2986.0,39454.0,36831.0,17856.0
Uttar Pradesh,Hapur,4450.0,2771.0,41.0,4518.0,39764.0,39349.0,17406.0
Uttar Pradesh,Hardoi,12591.0,12290.0,312.0,11832.0,132119.0,150577.0,54520.0
Uttar Pradesh,Hathras,3815.0,2596.0,82.0,5978.0,54680.0,60241.0,20163.0
Uttar Pradesh,Jalaun,2791.0,2641.0,125.0,4466.0,56207.0,46744.0,27938.0
Uttar Pradesh,Jaunpur,5400.0,10237.0,216.0,19038.0,136703.0,109148.0,73932.0
Uttar Pradesh,Jhansi,4570.0,2519.0,71.0,5591.0,66250.0,68211.0,43794.0
Uttar Pradesh,Jyotiba Phule Nagar,61.0,23.0,0.0,6.0,599.0,20.0,157.0
Uttar Pradesh,Jyotiba Phule Nagar *,0.0,0.0,0.0,0.0,1.0,0.0,0.0
Uttar Pradesh,Kannauj,3083.0,3455.0,100.0,6283.0,53404.0,49715.0,21938.0
Uttar Pradesh,Kanpur Dehat,4032.0,3802.0,183.0,7310.0,64779.0,53708.0,21918.0
Uttar Pradesh,Kanpur Nagar,11427.0,12606.0,675.0,13567.0,156558.0,92823.0,88615.0
Uttar Pradesh,Kasganj,3206.0,2977.0,158.0,4352.0,45355.0,51039.0,23480.0
Uttar Pradesh,Kaushambi,4356.0,3038.0,69.0,8798.0,68214.0,74241.0,23354.0
Uttar Pradesh,Kheri,11282.0,12841.0,455.0,12160.0,170938.0,139638.0,50425.0
Uttar Pradesh,Kushi Nagar,779.0,777.0,14.0,0.0,0.0,0.0,0.0
Uttar Pradesh,Kushinagar,4449.0,6132.0,30.0,18705.0,148550.0,81324.0,66502.0
Uttar Pradesh,Kushinagar *,5.0,1.0,0.0,6.0,134.0,39.0,40.0
Uttar Pradesh,Lalitpur,3376.0,1305.0,72.0,4072.0,42730.0,45154.0,30366.0
Uttar Pradesh,Lucknow,13739.0,11321.0,454.0,15779.0,193697.0,123838.0,93552.0
Uttar Pradesh,Maharajganj,6132.0,11265.0,474.0,11712.0,97186.0,58855.0,44246.0
Uttar Pradesh,Mahoba,1979.0,1029.0,12.0,2633.0,29671.0,31178.0,15161.0
Uttar Pradesh,Mahoba *,0.0,0.0,0.0,0.0,0.0,0.0,1.0
Uttar Pradesh,Mahrajganj,10.0,9.0,0.0,7.0,37.0,11.0,14.0
Uttar Pradesh,Mainpuri,5056.0,6483.0,187.0,6552.0,62889.0,47533.0,26258.0
Uttar Pradesh,Mathura,5851.0,5766.0,129.0,11308.0,97981.0,79993.0,39424.0
Uttar Pradesh,Mau,2590.0,4942.0,47.0,9992.0,77708.0,46911.0,40950.0
Uttar Pradesh,Meerut,14177.0,9598.0,252.0,13508.0,153711.0,109237.0,64415.0
Uttar Pradesh,Mirzapur,3536.0,4101.0,8.0,8758.0,78518.0,73940.0,34252.0
Uttar Pradesh,Moradabad,15196.0,6131.0,218.0,13369.0,150136.0,101759.0,58715.0
Uttar Pradesh,Muzaffarnagar,7250.0,4575.0,124.0,12022.0,123611.0,113738.0,56113.0
Uttar Pradesh,Pilibhit,8791.0,4631.0,213.0,11012.0,125251.0,94560.0,41070.0
Uttar Pradesh,Pratapgarh,5866.0,4386.0,56.0,10372.0,94358.0,78855.0,53105.0
Uttar Pradesh,Prayagraj,1428.0,1255.0,182.0,3121.0,25906.0,10696.0,9527.0
Uttar Pradesh,Rae Bareli,5812.0,3875.0,42.0,10271.0,97982.0,83330.0,45408.0
Uttar Pradesh,Raebareli,0.0,3.0,0.0,1.0,13.0,3.0,6.0
Uttar Pradesh,Rampur,12051.0,7757.0,302.0,12350.0,143168.0,83353.0,41589.0
Uttar Pradesh,Saharanpur,13708.0,5359.0,99.0,13397.0,154417.0,114742.0,75974.0
Uttar Pradesh,Sambhal,4744.0,3816.0,117.0,8117.0,91472.0,78323.0,25024.0
Uttar Pradesh,Sant Kabir Nagar,2789.0,3343.0,37.0,7684.0,71522.0,53729.0,36811.0
Uttar Pradesh,Sant Ravidas Nagar,1869.0,2547.0,4.0,5889.0,43274.0,44701.0,23372.0
Uttar Pradesh,Sant Ravidas Nagar Bhadohi,37.0,47.0,0.0,20.0,277.0,47.0,63.0
Uttar Pradesh,Shahjahanpur,12811.0,11033.0,447.0,13197.0,136275.0,114767.0,39721.0
Uttar Pradesh,Shamli,5530.0,2613.0,57.0,7228.0,68386.0,65022.0,38112.0
Uttar Pradesh,Shravasti,867.0,1570.0,98.0,0.0,0.0,0.0,0.0
Uttar Pradesh,Shrawasti,1816.0,3151.0,150.0,4345.0,58376.0,35921.0,20643.0
Uttar Pradesh,Siddharth Nagar,1603.0,2586.0,152.0,0.0,0.0,0.0,0.0
Uttar Pradesh,Siddharthnagar,4875.0,8739.0,399.0,9289.0,84354.0,65033.0,42247.0
Uttar Pradesh,Sitapur,16237.0,13869.0,748.0,12130.0,157192.0,200310.0,64001.0
Uttar Pradesh,Sonbhadra,2998.0,2023.0,13.0,6874.0,65203.0,72009.0,31746.0
Uttar Pradesh,Sultanpur,5465.0,5837.0,132.0,9519.0,73102.0,60800.0,37665.0
Uttar Pradesh,Unnao,9838.0,8943.0,367.0,9141.0,115402.0,92856.0,53534.0
Uttar Pradesh,Varanasi,9479.0,13404.0,451.0,15174.0,144324.0,102481.0,79930.0
Uttarakhand,Almora,1228.0,131.0,8.0,1843.0,13943.0,16853.0,15555.0
Uttarakhand,Bageshwar,675.0,65.0,2.0,934.0,5994.0,8018.0,13477.0
Uttarakhand,Chamoli,1006.0,77.0,7.0,1179.0,10611.0,13657.0,14745.0
Uttarakhand,Champawat,769.0,96.0,1.0,1372.0,11133.0,11728.0,11486.0
Uttarakhand,Dehradun,7797.0,1554.0,134.0,7573.0,75049.0,65769.0,63511.0
Uttarakhand,Garhwal,52.0,4.0,0.0,16.0,388.0,30.0,306.0
Uttarakhand,Hardwar,118.0,28.0,0.0,32.0,1155.0,196.0,699.0
Uttarakhand,Haridwar,4688.0,1215.0,52.0,6779.0,62121.0,88084.0,46552.0
Uttarakhand,Nainital,3417.0,458.0,76.0,6093.0,43007.0,37930.0,31431.0
Uttarakhand,Pauri Garhwal,1677.0,165.0,14.0,2138.0,18992.0,24167.0,19592.0
Uttarakhand,Pithoragarh,1065.0,146.0,9.0,1538.0,13164.0,15610.0,14573.0
Uttarakhand,Rudraprayag,874.0,82.0,0.0,830.0,7004.0,11684.0,12494.0
Uttarakhand,Tehri Garhwal,2444.0,324.0,13.0,2715.0,23151.0,27362.0,29919.0
Uttarakhand,Udham Singh Nagar,5092.0,985.0,18.0,15488.0,119374.0,89690.0,55177.0
Uttarakhand,Uttarkashi,978.0,149.0,5.0,1396.0,8625.0,13663.0,10805.0
Uttaranchal,Almora,0.0,0.0,0.0,0.0,0.0,0.0,1.0
Uttaranchal,Garhwal,0.0,0.0,0.0,0.0,0.0,0.0,1.0
Uttaranchal,Tehri Garhwal,0.0,0.0,0.0,0.0,2.0,0.0,0.0
Uttaranchal,Udham Singh Nagar *,0.0,0.0,0.0,0.0,3.0,0.0,0.0
WEST BENGAL,HOOGHLY,3.0,1.0,0.0,0.0,44.0,1.0,15.0
WEST BENGAL,HOWRAH,0.0,0.0,0.0,2.0,21.0,7.0,12.0
WEST BENGAL,hooghly,0.0,0.0,0.0,0.0,4.0,0.0,2.0
WESTBENGAL,HOOGHLY,1.0,0.0,0.0,0.0,57.0,5.0,7.0
West  Bengal,Hooghly,9.0,6.0,0.0,6.0,101.0,6.0,22.0
West Bangal,Hooghly,5.0,1.0,0.0,1.0,92.0,10.0,24.0
West Bangal,Howrah,2.0,2.0,0.0,3.0,48.0,5.0,14.0
West Bangal,South 24 Parganas,0.0,0.0,0.0,0.0,13.0,0.0,1.0
West Bengal,24 Paraganas North,3177.0,2458.0,512.0,0.0,0.0,0.0,0.0
West Bengal,24 Paraganas South,364.0,104.0,22.0,0.0,0.0,0.0,0.0
West Bengal,Alipurduar,1521.0,1714.0,438.0,1375.0,9459.0,3735.0,3890.0
West Bengal,Bally Jagachha,0.0,0.0,0.0,0.0,1.0,0.0,5.0
West Bengal,Bankura,9083.0,2122.0,150.0,9441.0,136386.0,53009.0,55040.0
West Bengal,Barddhaman,12816.0,3006.0,14.0,9917.0,160484.0,78501.0,102625.0
West Bengal,Bardhaman,1345.0,428.0,3.0,305.0,22944.0,2974.0,11201.0
West Bengal,Birbhum,13361.0,2041.0,107.0,11252.0,140111.0,47630.0,62564.0
West Bengal,Burdwan,2.0,0.0,0.0,0.0,0.0,1.0,4.0
West Bengal,Cooch Behar,7262.0,3220.0,246.0,10291.0,112568.0,20061.0,25103.0
West Bengal,Coochbehar,2140.0,2087.0,183.0,0.0,0.0,0.0,0.0
West Bengal,Dakshin Dinajpur,5358.0,1069.0,99.0,4998.0,79280.0,21351.0,23308.0
West Bengal,Darjeeling,3967.0,2579.0,773.0,2757.0,50880.0,13781.0,26321.0
West Bengal,Darjiling,535.0,189.0,2.0,58.0,8213.0,541.0,2045.0
West Bengal,Dinajpur Dakshin,707.0,256.0,34.0,0.0,0.0,0.0,0.0
West Bengal,Dinajpur Uttar,6478.0,4859.0,334.0,0.0,0.0,0.0,0.0
West Bengal,Domjur,0.0,0.0,0.0,0.0,2.0,0.0,3.0
West Bengal,East Midnapore,1796.0,318.0,4.0,653.0,24594.0,7721.0,18977.0
West Bengal,East Midnapur,1.0,0.0,0.0,2.0,18.0,0.0,13.0
West Bengal,East midnapore,0.0,0.0,0.0,0.0,3.0,1.0,4.0
West Bengal,HOOGHLY,2.0,0.0,0.0,0.0,24.0,1.0,3.0
West Bengal,HOWRAH,2.0,1.0,0.0,1.0,29.0,3.0,8.0
West Bengal,Haora,1943.0,917.0,2.0,354.0,39541.0,5290.0,22465.0
West Bengal,Hawrah,3.0,3.0,0.0,0.0,32.0,3.0,10.0
West Bengal,Hooghiy,1.0,0.0,0.0,1.0,31.0,1.0,6.0
West Bengal,Hooghly,11132.0,3853.0,342.0,9393.0,172287.0,70325.0,90385.0
West Bengal,Howrah,8137.0,3124.0,146.0,6392.0,101339.0,43092.0,56242.0
West Bengal,Hugli,148.0,46.0,0.0,16.0,1248.0,97.0,342.0
West Bengal,Jalpaiguri,5674.0,4442.0,538.0,8504.0,179007.0,32134.0,48509.0
West Bengal,Jhargram,741.0,171.0,50.0,835.0,6423.0,1747.0,2259.0
West Bengal,KOLKATA,0.0,1.0,0.0,0.0,23.0,1.0,1.0
West Bengal,Kalimpong,176.0,184.0,153.0,204.0,2177.0,442.0,281.0
West Bengal,Koch Bihar,2227.0,1111.0,10.0,427.0,70660.0,2719.0,10482.0
West Bengal,Kolkata,5028.0,4610.0,723.0,3616.0,102860.0,26755.0,64255.0
West Bengal,MALDA,14.0,1.0,0.0,3.0,85.0,6.0,35.0
West Bengal,Malda,11775.0,3956.0,84.0,17474.0,178906.0,38434.0,56884.0
West Bengal,Maldah,1190.0,566.0,0.0,568.0,21998.0,3369.0,10807.0
West Bengal,Medinipur,26.0,3.0,0.0,11.0,167.0,24.0,51.0
West Bengal,Medinipur West,325.0,300.0,20.0,0.0,0.0,0.0,0.0
West Bengal,Murshidabad,31442.0,4383.0,86.0,31110.0,340843.0,90308.0,128771.0
West Bengal,NADIA,3.0,0.0,0.0,0.0,18.0,0.0,3.0
West Bengal,Nadia,13244.0,3623.0,843.0,9450.0,182862.0,51700.0,76091.0
West Bengal,Naihati Anandabazar,0.0,0.0,0.0,0.0,2.0,0.0,0.0
West Bengal,North 24 Parganas,21517.0,5741.0,1348.0,15020.0,275457.0,96368.0,127542.0
West Bengal,North Dinajpur,263.0,79.0,0.0,86.0,4815.0,205.0,990.0
West Bengal,North Twenty Four Parganas,1226.0,399.0,2.0,279.0,19456.0,2855.0,11798.0
West Bengal,Paschim Bardhaman,865.0,318.0,93.0,1400.0,15281.0,3659.0,6446.0
West Bengal,Paschim Medinipur,14240.0,3695.0,150.0,14645.0,199535.0,69346.0,79404.0
West Bengal,Purba Bardhaman,2523.0,390.0,128.0,2464.0,21987.0,5236.0,7609.0
West Bengal,Purba Medinipur,12954.0,1310.0,58.0,9860.0,93569.0,61435.0,69921.0
West Bengal,Purulia,539.0,243.0,1.0,385.0,6924.0,979.0,2896.0
West Bengal,Puruliya,9674.0,3412.0,133.0,12343.0,142695.0,36223.0,55873.0
West Bengal,South  Twenty Four Parganas,0.0,0.0,0.0,0.0,5.0,0.0,0.0
West Bengal,South 24 Pargana,1.0,1.0,0.0,2.0,15.0,1.0,2.0
West Bengal,South 24 Parganas,25039.0,8197.0,304.0,27728.0,373409.0,102758.0,121866.0
West Bengal,South 24 pargana,0.0,0.0,0.0,0.0,12.0,1.0,0.0
West Bengal,South 24 parganas,2.0,0.0,0.0,0.0,24.0,0.0,5.0
West Bengal,South Dinajpur,375.0,71.0,0.0,79.0,6740.0,554.0,1571.0
West Bengal,South DumDum(M),0.0,0.0,0.0,0.0,8.0,0.0,6.0
West Bengal,South Twenty Four Parganas,2978.0,1125.0,4.0,814.0,41252.0,7977.0,25405.0
West Bengal,Uttar Dinajpur,18397.0,8127.0,368.0,17577.0,252655.0,32722.0,59034.0
West Bengal,West Medinipur,1.0,1.0,0.0,0.0,12.0,1.0,3.0
West Bengal,West Midnapore,1647.0,540.0,3.0,455.0,30225.0,4390.0,14588.0
West Bengal,east midnapore,0.0,0.0,0.0,0.0,1.0,0.0,1.0
West Bengal,hooghly,2.0,1.0,0.0,3.0,29.0,3.0,18.0
West Bengal,nadia,2.0,1.0,0.0,1.0,12.0,0.0,7.0
West Bengli,Hooghly,0.0,0.0,0.0,0.0,3.0,0.0,0.0
West bengal,Hooghly,0.0,0.0,0.0,0.0,6.0,0.0,2.0
West bengal,South 24 Parganas,0.0,0.0,0.0,0.0,11.0,0.0,1.0
West bengal,hooghly,6.0,1.0,0.0,0.0,43.0,5.0,12.0
Westbengal,Hooghly,3.0,3.0,0.0,0.0,87.0,2.0,14.0
Westbengal,Howrah,0.0,0.0,0.0,0.0,8.0,0.0,3.0
andhra pradesh,chittoor,4.0,0.0,0.0,5.0,52.0,17.0,16.0
andhra pradesh,rangareddi,1.0,0.0,0.0,0.0,20.0,2.0,6.0
odisha,Gajapati,0.0,0.0,0.0,0.0,20.0,0.0,16.0
west Bengal,South 24 Parganas,0.0,0.0,0.0,0.0,15.0,1.0,0.0
